id,target
1,100000.000001
2,100001.000002
3,100003.000003
4,100000.000002
5,100001.000003
6,100003.000004
7,100000.000003
8,100001.000004
9,100003.000005
10,100000.000004
11,100001.000005
12,100003.000006
13,100000.000005
14,100001.000006
15,100003.000007
16,100000.000006
17,100001.000007
18,100003.000008
19,100000.000007
20,100001.000008
21,100003.000009
22,100000.000008
23,100001.000009
24,100003.000010
25,100000.000009
26,100001.000010
27,100003.000011
28,100000.000010
29,100001.000011
30,100003.000012
31,100000.000011
32,100001.000012
33,100003.000013
34,100000.000012
35,100001.000013
36,100003.000014
37,100000.000013
38,100001.000014
39,100003.000015
40,100000.000014
41,100001.000015
42,100003.000016
43,100000.000015
44,100001.000016
45,100003.000017
46,100000.000016
47,100001.000017
48,100003.000018
49,100000.000017
50,100001.000018
51,100003.000019
52,100000.000018
53,100001.000019
54,100003.000020
55,100000.000019
56,100001.000020
57,100003.000021
58,100000.000020
59,100001.000021
60,100003.000022
61,100000.000021
62,100001.000022
63,100003.000023
64,100000.000022
65,100001.000023
66,100003.000024
67,100000.000023
68,100001.000024
69,100003.000025
70,100000.000024
71,100001.000025
72,100003.000026
73,100000.000025
74,100001.000026
75,100003.000027
76,100000.000026
77,100001.000027
78,100003.000028
79,100000.000027
80,100001.000028
81,100003.000029
82,100000.000028
83,100001.000029
84,100003.000030
85,100000.000029
86,100001.000030
87,100003.000031
88,100000.000030
89,100001.000031
90,100003.000032
91,100000.000031
92,100001.000032
93,100003.000033
94,100000.000032
95,100001.000033
96,100003.000034
97,100000.000033
98,100001.000034
99,100003.000035
100,100000.000034
101,100001.000035
102,100003.000036
103,100000.000035
104,100001.000036
105,100003.000037
106,100000.000036
107,100001.000037
108,100003.000038
109,100000.000037
110,100001.000038
111,100003.000039
112,100000.000038
113,100001.000039
114,100003.000040
115,100000.000039
116,100001.000040
117,100003.000041
118,100000.000040
119,100001.000041
120,100003.000042
121,100000.000041
122,100001.000042
123,100003.000043
124,100000.000042
125,100001.000043
126,100003.000044
127,100000.000043
128,100001.000044
129,100003.000045
130,100000.000044
131,100001.000045
132,100003.000046
133,100000.000045
134,100001.000046
135,100003.000047
136,100000.000046
137,100001.000047
138,100003.000048
139,100000.000047
140,100001.000048
141,100003.000049
142,100000.000048
143,100001.000049
144,100003.000050
145,100000.000049
146,100001.000050
147,100003.000051
148,100000.000050
149,100001.000051
150,100003.000052
151,100000.000051
152,100001.000052
153,100003.000053
154,100000.000052
155,100001.000053
156,100003.000054
157,100000.000053
158,100001.000054
159,100003.000055
160,100000.000054
161,100001.000055
162,100003.000056
163,100000.000055
164,100001.000056
165,100003.000057
166,100000.000056
167,100001.000057
168,100003.000058
169,100000.000057
170,100001.000058
171,100003.000059
172,100000.000058
173,100001.000059
174,100003.000060
175,100000.000059
176,100001.000060
177,100003.000061
178,100000.000060
179,100001.000061
180,100003.000062
181,100000.000061
182,100001.000062
183,100003.000063
184,100000.000062
185,100001.000063
186,100003.000064
187,100000.000063
188,100001.000064
189,100003.000065
190,100000.000064
191,100001.000065
192,100003.000066
193,100000.000065
194,100001.000066
195,100003.000067
196,100000.000066
197,100001.000067
198,100003.000068
199,100000.000067
200,100001.000068
201,100003.000069
202,100000.000068
203,100001.000069
204,100003.000070
205,100000.000069
206,100001.000070
207,100003.000071
208,100000.000070
209,100001.000071
210,100003.000072
211,100000.000071
212,100001.000072
213,100003.000073
214,100000.000072
215,100001.000073
216,100003.000074
217,100000.000073
218,100001.000074
219,100003.000075
220,100000.000074
221,100001.000075
222,100003.000076
223,100000.000075
224,100001.000076
225,100003.000077
226,100000.000076
227,100001.000077
228,100003.000078
229,100000.000077
230,100001.000078
231,100003.000079
232,100000.000078
233,100001.000079
234,100003.000080
235,100000.000079
236,100001.000080
237,100003.000081
238,100000.000080
239,100001.000081
240,100003.000082
241,100000.000081
242,100001.000082
243,100003.000083
244,100000.000082
245,100001.000083
246,100003.000084
247,100000.000083
248,100001.000084
249,100003.000085
250,100000.000084
251,100001.000085
252,100003.000086
253,100000.000085
254,100001.000086
255,100003.000087
256,100000.000086
257,100001.000087
258,100003.000088
259,100000.000087
260,100001.000088
261,100003.000089
262,100000.000088
263,100001.000089
264,100003.000090
265,100000.000089
266,100001.000090
267,100003.000091
268,100000.000090
269,100001.000091
270,100003.000092
271,100000.000091
272,100001.000092
273,100003.000093
274,100000.000092
275,100001.000093
276,100003.000094
277,100000.000093
278,100001.000094
279,100003.000095
280,100000.000094
281,100001.000095
282,100003.000096
283,100000.000095
284,100001.000096
285,100003.000097
286,100000.000096
287,100001.000097
288,100003.000098
289,100000.000097
290,100001.000098
291,100003.000099
292,100000.000098
293,100001.000099
294,100003.000100
295,100000.000099
296,100001.000100
297,100003.000101
298,100000.000100
299,100001.000101
300,100003.000102
301,100000.000101
302,100001.000102
303,100003.000103
304,100000.000102
305,100001.000103
306,100003.000104
307,100000.000103
308,100001.000104
309,100003.000105
310,100000.000104
311,100001.000105
312,100003.000106
313,100000.000105
314,100001.000106
315,100003.000107
316,100000.000106
317,100001.000107
318,100003.000108
319,100000.000107
320,100001.000108
321,100003.000109
322,100000.000108
323,100001.000109
324,100003.000110
325,100000.000109
326,100001.000110
327,100003.000111
328,100000.000110
329,100001.000111
330,100003.000112
331,100000.000111
332,100001.000112
333,100003.000113
334,100000.000112
335,100001.000113
336,100003.000114
337,100000.000113
338,100001.000114
339,100003.000115
340,100000.000114
341,100001.000115
342,100003.000116
343,100000.000115
344,100001.000116
345,100003.000117
346,100000.000116
347,100001.000117
348,100003.000118
349,100000.000117
350,100001.000118
351,100003.000119
352,100000.000118
353,100001.000119
354,100003.000120
355,100000.000119
356,100001.000120
357,100003.000121
358,100000.000120
359,100001.000121
360,100003.000122
361,100000.000121
362,100001.000122
363,100003.000123
364,100000.000122
365,100001.000123
366,100003.000124
367,100000.000123
368,100001.000124
369,100003.000125
370,100000.000124
371,100001.000125
372,100003.000126
373,100000.000125
374,100001.000126
375,100003.000127
376,100000.000126
377,100001.000127
378,100003.000128
379,100000.000127
380,100001.000128
381,100003.000129
382,100000.000128
383,100001.000129
384,100003.000130
385,100000.000129
386,100001.000130
387,100003.000131
388,100000.000130
389,100001.000131
390,100003.000132
391,100000.000131
392,100001.000132
393,100003.000133
394,100000.000132
395,100001.000133
396,100003.000134
397,100000.000133
398,100001.000134
399,100003.000135
400,100000.000134
401,100001.000135
402,100003.000136
403,100000.000135
404,100001.000136
405,100003.000137
406,100000.000136
407,100001.000137
408,100003.000138
409,100000.000137
410,100001.000138
411,100003.000139
412,100000.000138
413,100001.000139
414,100003.000140
415,100000.000139
416,100001.000140
417,100003.000141
418,100000.000140
419,100001.000141
420,100003.000142
421,100000.000141
422,100001.000142
423,100003.000143
424,100000.000142
425,100001.000143
426,100003.000144
427,100000.000143
428,100001.000144
429,100003.000145
430,100000.000144
431,100001.000145
432,100003.000146
433,100000.000145
434,100001.000146
435,100003.000147
436,100000.000146
437,100001.000147
438,100003.000148
439,100000.000147
440,100001.000148
441,100003.000149
442,100000.000148
443,100001.000149
444,100003.000150
445,100000.000149
446,100001.000150
447,100003.000151
448,100000.000150
449,100001.000151
450,100003.000152
451,100000.000151
452,100001.000152
453,100003.000153
454,100000.000152
455,100001.000153
456,100003.000154
457,100000.000153
458,100001.000154
459,100003.000155
460,100000.000154
461,100001.000155
462,100003.000156
463,100000.000155
464,100001.000156
465,100003.000157
466,100000.000156
467,100001.000157
468,100003.000158
469,100000.000157
470,100001.000158
471,100003.000159
472,100000.000158
473,100001.000159
474,100003.000160
475,100000.000159
476,100001.000160
477,100003.000161
478,100000.000160
479,100001.000161
480,100003.000162
481,100000.000161
482,100001.000162
483,100003.000163
484,100000.000162
485,100001.000163
486,100003.000164
487,100000.000163
488,100001.000164
489,100003.000165
490,100000.000164
491,100001.000165
492,100003.000166
493,100000.000165
494,100001.000166
495,100003.000167
496,100000.000166
497,100001.000167
498,100003.000168
499,100000.000167
500,100001.000168
501,100003.000169
502,100000.000168
503,100001.000169
504,100003.000170
505,100000.000169
506,100001.000170
507,100003.000171
508,100000.000170
509,100001.000171
510,100003.000172
511,100000.000171
512,100001.000172
513,100003.000173
514,100000.000172
515,100001.000173
516,100003.000174
517,100000.000173
518,100001.000174
519,100003.000175
520,100000.000174
521,100001.000175
522,100003.000176
523,100000.000175
524,100001.000176
525,100003.000177
526,100000.000176
527,100001.000177
528,100003.000178
529,100000.000177
530,100001.000178
531,100003.000179
532,100000.000178
533,100001.000179
534,100003.000180
535,100000.000179
536,100001.000180
537,100003.000181
538,100000.000180
539,100001.000181
540,100003.000182
541,100000.000181
542,100001.000182
543,100003.000183
544,100000.000182
545,100001.000183
546,100003.000184
547,100000.000183
548,100001.000184
549,100003.000185
550,100000.000184
551,100001.000185
552,100003.000186
553,100000.000185
554,100001.000186
555,100003.000187
556,100000.000186
557,100001.000187
558,100003.000188
559,100000.000187
560,100001.000188
561,100003.000189
562,100000.000188
563,100001.000189
564,100003.000190
565,100000.000189
566,100001.000190
567,100003.000191
568,100000.000190
569,100001.000191
570,100003.000192
571,100000.000191
572,100001.000192
573,100003.000193
574,100000.000192
575,100001.000193
576,100003.000194
577,100000.000193
578,100001.000194
579,100003.000195
580,100000.000194
581,100001.000195
582,100003.000196
583,100000.000195
584,100001.000196
585,100003.000197
586,100000.000196
587,100001.000197
588,100003.000198
589,100000.000197
590,100001.000198
591,100003.000199
592,100000.000198
593,100001.000199
594,100003.000200
595,100000.000199
596,100001.000200
597,100003.000201
598,100000.000200
599,100001.000201
600,100003.000202
601,100000.000201
602,100001.000202
603,100003.000203
604,100000.000202
605,100001.000203
606,100003.000204
607,100000.000203
608,100001.000204
609,100003.000205
610,100000.000204
611,100001.000205
612,100003.000206
613,100000.000205
614,100001.000206
615,100003.000207
616,100000.000206
617,100001.000207
618,100003.000208
619,100000.000207
620,100001.000208
621,100003.000209
622,100000.000208
623,100001.000209
624,100003.000210
625,100000.000209
626,100001.000210
627,100003.000211
628,100000.000210
629,100001.000211
630,100003.000212
631,100000.000211
632,100001.000212
633,100003.000213
634,100000.000212
635,100001.000213
636,100003.000214
637,100000.000213
638,100001.000214
639,100003.000215
640,100000.000214
641,100001.000215
642,100003.000216
643,100000.000215
644,100001.000216
645,100003.000217
646,100000.000216
647,100001.000217
648,100003.000218
649,100000.000217
650,100001.000218
651,100003.000219
652,100000.000218
653,100001.000219
654,100003.000220
655,100000.000219
656,100001.000220
657,100003.000221
658,100000.000220
659,100001.000221
660,100003.000222
661,100000.000221
662,100001.000222
663,100003.000223
664,100000.000222
665,100001.000223
666,100003.000224
667,100000.000223
668,100001.000224
669,100003.000225
670,100000.000224
671,100001.000225
672,100003.000226
673,100000.000225
674,100001.000226
675,100003.000227
676,100000.000226
677,100001.000227
678,100003.000228
679,100000.000227
680,100001.000228
681,100003.000229
682,100000.000228
683,100001.000229
684,100003.000230
685,100000.000229
686,100001.000230
687,100003.000231
688,100000.000230
689,100001.000231
690,100003.000232
691,100000.000231
692,100001.000232
693,100003.000233
694,100000.000232
695,100001.000233
696,100003.000234
697,100000.000233
698,100001.000234
699,100003.000235
700,100000.000234
701,100001.000235
702,100003.000236
703,100000.000235
704,100001.000236
705,100003.000237
706,100000.000236
707,100001.000237
708,100003.000238
709,100000.000237
710,100001.000238
711,100003.000239
712,100000.000238
713,100001.000239
714,100003.000240
715,100000.000239
716,100001.000240
717,100003.000241
718,100000.000240
719,100001.000241
720,100003.000242
721,100000.000241
722,100001.000242
723,100003.000243
724,100000.000242
725,100001.000243
726,100003.000244
727,100000.000243
728,100001.000244
729,100003.000245
730,100000.000244
731,100001.000245
732,100003.000246
733,100000.000245
734,100001.000246
735,100003.000247
736,100000.000246
737,100001.000247
738,100003.000248
739,100000.000247
740,100001.000248
741,100003.000249
742,100000.000248
743,100001.000249
744,100003.000250
745,100000.000249
746,100001.000250
747,100003.000251
748,100000.000250
749,100001.000251
750,100003.000252
751,100000.000251
752,100001.000252
753,100003.000253
754,100000.000252
755,100001.000253
756,100003.000254
757,100000.000253
758,100001.000254
759,100003.000255
760,100000.000254
761,100001.000255
762,100003.000256
763,100000.000255
764,100001.000256
765,100003.000257
766,100000.000256
767,100001.000257
768,100003.000258
769,100000.000257
770,100001.000258
771,100003.000259
772,100000.000258
773,100001.000259
774,100003.000260
775,100000.000259
776,100001.000260
777,100003.000261
778,100000.000260
779,100001.000261
780,100003.000262
781,100000.000261
782,100001.000262
783,100003.000263
784,100000.000262
785,100001.000263
786,100003.000264
787,100000.000263
788,100001.000264
789,100003.000265
790,100000.000264
791,100001.000265
792,100003.000266
793,100000.000265
794,100001.000266
795,100003.000267
796,100000.000266
797,100001.000267
798,100003.000268
799,100000.000267
800,100001.000268
801,100003.000269
802,100000.000268
803,100001.000269
804,100003.000270
805,100000.000269
806,100001.000270
807,100003.000271
808,100000.000270
809,100001.000271
810,100003.000272
811,100000.000271
812,100001.000272
813,100003.000273
814,100000.000272
815,100001.000273
816,100003.000274
817,100000.000273
818,100001.000274
819,100003.000275
820,100000.000274
821,100001.000275
822,100003.000276
823,100000.000275
824,100001.000276
825,100003.000277
826,100000.000276
827,100001.000277
828,100003.000278
829,100000.000277
830,100001.000278
831,100003.000279
832,100000.000278
833,100001.000279
834,100003.000280
835,100000.000279
836,100001.000280
837,100003.000281
838,100000.000280
839,100001.000281
840,100003.000282
841,100000.000281
842,100001.000282
843,100003.000283
844,100000.000282
845,100001.000283
846,100003.000284
847,100000.000283
848,100001.000284
849,100003.000285
850,100000.000284
851,100001.000285
852,100003.000286
853,100000.000285
854,100001.000286
855,100003.000287
856,100000.000286
857,100001.000287
858,100003.000288
859,100000.000287
860,100001.000288
861,100003.000289
862,100000.000288
863,100001.000289
864,100003.000290
865,100000.000289
866,100001.000290
867,100003.000291
868,100000.000290
869,100001.000291
870,100003.000292
871,100000.000291
872,100001.000292
873,100003.000293
874,100000.000292
875,100001.000293
876,100003.000294
877,100000.000293
878,100001.000294
879,100003.000295
880,100000.000294
881,100001.000295
882,100003.000296
883,100000.000295
884,100001.000296
885,100003.000297
886,100000.000296
887,100001.000297
888,100003.000298
889,100000.000297
890,100001.000298
891,100003.000299
892,100000.000298
893,100001.000299
894,100003.000300
895,100000.000299
896,100001.000300
897,100003.000301
898,100000.000300
899,100001.000301
900,100003.000302
901,100000.000301
902,100001.000302
903,100003.000303
904,100000.000302
905,100001.000303
906,100003.000304
907,100000.000303
908,100001.000304
909,100003.000305
910,100000.000304
911,100001.000305
912,100003.000306
913,100000.000305
914,100001.000306
915,100003.000307
916,100000.000306
917,100001.000307
918,100003.000308
919,100000.000307
920,100001.000308
921,100003.000309
922,100000.000308
923,100001.000309
924,100003.000310
925,100000.000309
926,100001.000310
927,100003.000311
928,100000.000310
929,100001.000311
930,100003.000312
931,100000.000311
932,100001.000312
933,100003.000313
934,100000.000312
935,100001.000313
936,100003.000314
937,100000.000313
938,100001.000314
939,100003.000315
940,100000.000314
941,100001.000315
942,100003.000316
943,100000.000315
944,100001.000316
945,100003.000317
946,100000.000316
947,100001.000317
948,100003.000318
949,100000.000317
950,100001.000318
951,100003.000319
952,100000.000318
953,100001.000319
954,100003.000320
955,100000.000319
956,100001.000320
957,100003.000321
958,100000.000320
959,100001.000321
960,100003.000322
961,100000.000321
962,100001.000322
963,100003.000323
964,100000.000322
965,100001.000323
966,100003.000324
967,100000.000323
968,100001.000324
969,100003.000325
970,100000.000324
971,100001.000325
972,100003.000326
973,100000.000325
974,100001.000326
975,100003.000327
976,100000.000326
977,100001.000327
978,100003.000328
979,100000.000327
980,100001.000328
981,100003.000329
982,100000.000328
983,100001.000329
984,100003.000330
985,100000.000329
986,100001.000330
987,100003.000331
988,100000.000330
989,100001.000331
990,100003.000332
991,100000.000331
992,100001.000332
993,100003.000333
994,100000.000332
995,100001.000333
996,100003.000334
997,100000.000333
998,100001.000334
999,100003.000335
1000,100000.000334
1001,100001.000335
1002,100003.000336
1003,100000.000335
1004,100001.000336
1005,100003.000337
1006,100000.000336
1007,100001.000337
1008,100003.000338
1009,100000.000337
1010,100001.000338
1011,100003.000339
1012,100000.000338
1013,100001.000339
1014,100003.000340
1015,100000.000339
1016,100001.000340
1017,100003.000341
1018,100000.000340
1019,100001.000341
1020,100003.000342
1021,100000.000341
1022,100001.000342
1023,100003.000343
1024,100000.000342
1025,100001.000343
1026,100003.000344
1027,100000.000343
1028,100001.000344
1029,100003.000345
1030,100000.000344
1031,100001.000345
1032,100003.000346
1033,100000.000345
1034,100001.000346
1035,100003.000347
1036,100000.000346
1037,100001.000347
1038,100003.000348
1039,100000.000347
1040,100001.000348
1041,100003.000349
1042,100000.000348
1043,100001.000349
1044,100003.000350
1045,100000.000349
1046,100001.000350
1047,100003.000351
1048,100000.000350
1049,100001.000351
1050,100003.000352
1051,100000.000351
1052,100001.000352
1053,100003.000353
1054,100000.000352
1055,100001.000353
1056,100003.000354
1057,100000.000353
1058,100001.000354
1059,100003.000355
1060,100000.000354
1061,100001.000355
1062,100003.000356
1063,100000.000355
1064,100001.000356
1065,100003.000357
1066,100000.000356
1067,100001.000357
1068,100003.000358
1069,100000.000357
1070,100001.000358
1071,100003.000359
1072,100000.000358
1073,100001.000359
1074,100003.000360
1075,100000.000359
1076,100001.000360
1077,100003.000361
1078,100000.000360
1079,100001.000361
1080,100003.000362
1081,100000.000361
1082,100001.000362
1083,100003.000363
1084,100000.000362
1085,100001.000363
1086,100003.000364
1087,100000.000363
1088,100001.000364
1089,100003.000365
1090,100000.000364
1091,100001.000365
1092,100003.000366
1093,100000.000365
1094,100001.000366
1095,100003.000367
1096,100000.000366
1097,100001.000367
1098,100003.000368
1099,100000.000367
1100,100001.000368
1101,100003.000369
1102,100000.000368
1103,100001.000369
1104,100003.000370
1105,100000.000369
1106,100001.000370
1107,100003.000371
1108,100000.000370
1109,100001.000371
1110,100003.000372
1111,100000.000371
1112,100001.000372
1113,100003.000373
1114,100000.000372
1115,100001.000373
1116,100003.000374
1117,100000.000373
1118,100001.000374
1119,100003.000375
1120,100000.000374
1121,100001.000375
1122,100003.000376
1123,100000.000375
1124,100001.000376
1125,100003.000377
1126,100000.000376
1127,100001.000377
1128,100003.000378
1129,100000.000377
1130,100001.000378
1131,100003.000379
1132,100000.000378
1133,100001.000379
1134,100003.000380
1135,100000.000379
1136,100001.000380
1137,100003.000381
1138,100000.000380
1139,100001.000381
1140,100003.000382
1141,100000.000381
1142,100001.000382
1143,100003.000383
1144,100000.000382
1145,100001.000383
1146,100003.000384
1147,100000.000383
1148,100001.000384
1149,100003.000385
1150,100000.000384
1151,100001.000385
1152,100003.000386
1153,100000.000385
1154,100001.000386
1155,100003.000387
1156,100000.000386
1157,100001.000387
1158,100003.000388
1159,100000.000387
1160,100001.000388
1161,100003.000389
1162,100000.000388
1163,100001.000389
1164,100003.000390
1165,100000.000389
1166,100001.000390
1167,100003.000391
1168,100000.000390
1169,100001.000391
1170,100003.000392
1171,100000.000391
1172,100001.000392
1173,100003.000393
1174,100000.000392
1175,100001.000393
1176,100003.000394
1177,100000.000393
1178,100001.000394
1179,100003.000395
1180,100000.000394
1181,100001.000395
1182,100003.000396
1183,100000.000395
1184,100001.000396
1185,100003.000397
1186,100000.000396
1187,100001.000397
1188,100003.000398
1189,100000.000397
1190,100001.000398
1191,100003.000399
1192,100000.000398
1193,100001.000399
1194,100003.000400
1195,100000.000399
1196,100001.000400
1197,100003.000401
1198,100000.000400
1199,100001.000401
1200,100003.000402
1201,100000.000401
1202,100001.000402
1203,100003.000403
1204,100000.000402
1205,100001.000403
1206,100003.000404
1207,100000.000403
1208,100001.000404
1209,100003.000405
1210,100000.000404
1211,100001.000405
1212,100003.000406
1213,100000.000405
1214,100001.000406
1215,100003.000407
1216,100000.000406
1217,100001.000407
1218,100003.000408
1219,100000.000407
1220,100001.000408
1221,100003.000409
1222,100000.000408
1223,100001.000409
1224,100003.000410
1225,100000.000409
1226,100001.000410
1227,100003.000411
1228,100000.000410
1229,100001.000411
1230,100003.000412
1231,100000.000411
1232,100001.000412
1233,100003.000413
1234,100000.000412
1235,100001.000413
1236,100003.000414
1237,100000.000413
1238,100001.000414
1239,100003.000415
1240,100000.000414
1241,100001.000415
1242,100003.000416
1243,100000.000415
1244,100001.000416
1245,100003.000417
1246,100000.000416
1247,100001.000417
1248,100003.000418
1249,100000.000417
1250,100001.000418
1251,100003.000419
1252,100000.000418
1253,100001.000419
1254,100003.000420
1255,100000.000419
1256,100001.000420
1257,100003.000421
1258,100000.000420
1259,100001.000421
1260,100003.000422
1261,100000.000421
1262,100001.000422
1263,100003.000423
1264,100000.000422
1265,100001.000423
1266,100003.000424
1267,100000.000423
1268,100001.000424
1269,100003.000425
1270,100000.000424
1271,100001.000425
1272,100003.000426
1273,100000.000425
1274,100001.000426
1275,100003.000427
1276,100000.000426
1277,100001.000427
1278,100003.000428
1279,100000.000427
1280,100001.000428
1281,100003.000429
1282,100000.000428
1283,100001.000429
1284,100003.000430
1285,100000.000429
1286,100001.000430
1287,100003.000431
1288,100000.000430
1289,100001.000431
1290,100003.000432
1291,100000.000431
1292,100001.000432
1293,100003.000433
1294,100000.000432
1295,100001.000433
1296,100003.000434
1297,100000.000433
1298,100001.000434
1299,100003.000435
1300,100000.000434
1301,100001.000435
1302,100003.000436
1303,100000.000435
1304,100001.000436
1305,100003.000437
1306,100000.000436
1307,100001.000437
1308,100003.000438
1309,100000.000437
1310,100001.000438
1311,100003.000439
1312,100000.000438
1313,100001.000439
1314,100003.000440
1315,100000.000439
1316,100001.000440
1317,100003.000441
1318,100000.000440
1319,100001.000441
1320,100003.000442
1321,100000.000441
1322,100001.000442
1323,100003.000443
1324,100000.000442
1325,100001.000443
1326,100003.000444
1327,100000.000443
1328,100001.000444
1329,100003.000445
1330,100000.000444
1331,100001.000445
1332,100003.000446
1333,100000.000445
1334,100001.000446
1335,100003.000447
1336,100000.000446
1337,100001.000447
1338,100003.000448
1339,100000.000447
1340,100001.000448
1341,100003.000449
1342,100000.000448
1343,100001.000449
1344,100003.000450
1345,100000.000449
1346,100001.000450
1347,100003.000451
1348,100000.000450
1349,100001.000451
1350,100003.000452
1351,100000.000451
1352,100001.000452
1353,100003.000453
1354,100000.000452
1355,100001.000453
1356,100003.000454
1357,100000.000453
1358,100001.000454
1359,100003.000455
1360,100000.000454
1361,100001.000455
1362,100003.000456
1363,100000.000455
1364,100001.000456
1365,100003.000457
1366,100000.000456
1367,100001.000457
1368,100003.000458
1369,100000.000457
1370,100001.000458
1371,100003.000459
1372,100000.000458
1373,100001.000459
1374,100003.000460
1375,100000.000459
1376,100001.000460
1377,100003.000461
1378,100000.000460
1379,100001.000461
1380,100003.000462
1381,100000.000461
1382,100001.000462
1383,100003.000463
1384,100000.000462
1385,100001.000463
1386,100003.000464
1387,100000.000463
1388,100001.000464
1389,100003.000465
1390,100000.000464
1391,100001.000465
1392,100003.000466
1393,100000.000465
1394,100001.000466
1395,100003.000467
1396,100000.000466
1397,100001.000467
1398,100003.000468
1399,100000.000467
1400,100001.000468
1401,100003.000469
1402,100000.000468
1403,100001.000469
1404,100003.000470
1405,100000.000469
1406,100001.000470
1407,100003.000471
1408,100000.000470
1409,100001.000471
1410,100003.000472
1411,100000.000471
1412,100001.000472
1413,100003.000473
1414,100000.000472
1415,100001.000473
1416,100003.000474
1417,100000.000473
1418,100001.000474
1419,100003.000475
1420,100000.000474
1421,100001.000475
1422,100003.000476
1423,100000.000475
1424,100001.000476
1425,100003.000477
1426,100000.000476
1427,100001.000477
1428,100003.000478
1429,100000.000477
1430,100001.000478
1431,100003.000479
1432,100000.000478
1433,100001.000479
1434,100003.000480
1435,100000.000479
1436,100001.000480
1437,100003.000481
1438,100000.000480
1439,100001.000481
1440,100003.000482
1441,100000.000481
1442,100001.000482
1443,100003.000483
1444,100000.000482
1445,100001.000483
1446,100003.000484
1447,100000.000483
1448,100001.000484
1449,100003.000485
1450,100000.000484
1451,100001.000485
1452,100003.000486
1453,100000.000485
1454,100001.000486
1455,100003.000487
1456,100000.000486
1457,100001.000487
1458,100003.000488
1459,100000.000487
1460,100001.000488
1461,100003.000489
1462,100000.000488
1463,100001.000489
1464,100003.000490
1465,100000.000489
1466,100001.000490
1467,100003.000491
1468,100000.000490
1469,100001.000491
1470,100003.000492
1471,100000.000491
1472,100001.000492
1473,100003.000493
1474,100000.000492
1475,100001.000493
1476,100003.000494
1477,100000.000493
1478,100001.000494
1479,100003.000495
1480,100000.000494
1481,100001.000495
1482,100003.000496
1483,100000.000495
1484,100001.000496
1485,100003.000497
1486,100000.000496
1487,100001.000497
1488,100003.000498
1489,100000.000497
1490,100001.000498
1491,100003.000499
1492,100000.000498
1493,100001.000499
1494,100003.000500
1495,100000.000499
1496,100001.000500
1497,100003.000501
1498,100000.000500
1499,100001.000501
1500,100003.000502
1501,100000.000501
1502,100001.000502
1503,100003.000503
1504,100000.000502
1505,100001.000503
1506,100003.000504
1507,100000.000503
1508,100001.000504
1509,100003.000505
1510,100000.000504
1511,100001.000505
1512,100003.000506
1513,100000.000505
1514,100001.000506
1515,100003.000507
1516,100000.000506
1517,100001.000507
1518,100003.000508
1519,100000.000507
1520,100001.000508
1521,100003.000509
1522,100000.000508
1523,100001.000509
1524,100003.000510
1525,100000.000509
1526,100001.000510
1527,100003.000511
1528,100000.000510
1529,100001.000511
1530,100003.000512
1531,100000.000511
1532,100001.000512
1533,100003.000513
1534,100000.000512
1535,100001.000513
1536,100003.000514
1537,100000.000513
1538,100001.000514
1539,100003.000515
1540,100000.000514
1541,100001.000515
1542,100003.000516
1543,100000.000515
1544,100001.000516
1545,100003.000517
1546,100000.000516
1547,100001.000517
1548,100003.000518
1549,100000.000517
1550,100001.000518
1551,100003.000519
1552,100000.000518
1553,100001.000519
1554,100003.000520
1555,100000.000519
1556,100001.000520
1557,100003.000521
1558,100000.000520
1559,100001.000521
1560,100003.000522
1561,100000.000521
1562,100001.000522
1563,100003.000523
1564,100000.000522
1565,100001.000523
1566,100003.000524
1567,100000.000523
1568,100001.000524
1569,100003.000525
1570,100000.000524
1571,100001.000525
1572,100003.000526
1573,100000.000525
1574,100001.000526
1575,100003.000527
1576,100000.000526
1577,100001.000527
1578,100003.000528
1579,100000.000527
1580,100001.000528
1581,100003.000529
1582,100000.000528
1583,100001.000529
1584,100003.000530
1585,100000.000529
1586,100001.000530
1587,100003.000531
1588,100000.000530
1589,100001.000531
1590,100003.000532
1591,100000.000531
1592,100001.000532
1593,100003.000533
1594,100000.000532
1595,100001.000533
1596,100003.000534
1597,100000.000533
1598,100001.000534
1599,100003.000535
1600,100000.000534
1601,100001.000535
1602,100003.000536
1603,100000.000535
1604,100001.000536
1605,100003.000537
1606,100000.000536
1607,100001.000537
1608,100003.000538
1609,100000.000537
1610,100001.000538
1611,100003.000539
1612,100000.000538
1613,100001.000539
1614,100003.000540
1615,100000.000539
1616,100001.000540
1617,100003.000541
1618,100000.000540
1619,100001.000541
1620,100003.000542
1621,100000.000541
1622,100001.000542
1623,100003.000543
1624,100000.000542
1625,100001.000543
1626,100003.000544
1627,100000.000543
1628,100001.000544
1629,100003.000545
1630,100000.000544
1631,100001.000545
1632,100003.000546
1633,100000.000545
1634,100001.000546
1635,100003.000547
1636,100000.000546
1637,100001.000547
1638,100003.000548
1639,100000.000547
1640,100001.000548
1641,100003.000549
1642,100000.000548
1643,100001.000549
1644,100003.000550
1645,100000.000549
1646,100001.000550
1647,100003.000551
1648,100000.000550
1649,100001.000551
1650,100003.000552
1651,100000.000551
1652,100001.000552
1653,100003.000553
1654,100000.000552
1655,100001.000553
1656,100003.000554
1657,100000.000553
1658,100001.000554
1659,100003.000555
1660,100000.000554
1661,100001.000555
1662,100003.000556
1663,100000.000555
1664,100001.000556
1665,100003.000557
1666,100000.000556
1667,100001.000557
1668,100003.000558
1669,100000.000557
1670,100001.000558
1671,100003.000559
1672,100000.000558
1673,100001.000559
1674,100003.000560
1675,100000.000559
1676,100001.000560
1677,100003.000561
1678,100000.000560
1679,100001.000561
1680,100003.000562
1681,100000.000561
1682,100001.000562
1683,100003.000563
1684,100000.000562
1685,100001.000563
1686,100003.000564
1687,100000.000563
1688,100001.000564
1689,100003.000565
1690,100000.000564
1691,100001.000565
1692,100003.000566
1693,100000.000565
1694,100001.000566
1695,100003.000567
1696,100000.000566
1697,100001.000567
1698,100003.000568
1699,100000.000567
1700,100001.000568
1701,100003.000569
1702,100000.000568
1703,100001.000569
1704,100003.000570
1705,100000.000569
1706,100001.000570
1707,100003.000571
1708,100000.000570
1709,100001.000571
1710,100003.000572
1711,100000.000571
1712,100001.000572
1713,100003.000573
1714,100000.000572
1715,100001.000573
1716,100003.000574
1717,100000.000573
1718,100001.000574
1719,100003.000575
1720,100000.000574
1721,100001.000575
1722,100003.000576
1723,100000.000575
1724,100001.000576
1725,100003.000577
1726,100000.000576
1727,100001.000577
1728,100003.000578
1729,100000.000577
1730,100001.000578
1731,100003.000579
1732,100000.000578
1733,100001.000579
1734,100003.000580
1735,100000.000579
1736,100001.000580
1737,100003.000581
1738,100000.000580
1739,100001.000581
1740,100003.000582
1741,100000.000581
1742,100001.000582
1743,100003.000583
1744,100000.000582
1745,100001.000583
1746,100003.000584
1747,100000.000583
1748,100001.000584
1749,100003.000585
1750,100000.000584
1751,100001.000585
1752,100003.000586
1753,100000.000585
1754,100001.000586
1755,100003.000587
1756,100000.000586
1757,100001.000587
1758,100003.000588
1759,100000.000587
1760,100001.000588
1761,100003.000589
1762,100000.000588
1763,100001.000589
1764,100003.000590
1765,100000.000589
1766,100001.000590
1767,100003.000591
1768,100000.000590
1769,100001.000591
1770,100003.000592
1771,100000.000591
1772,100001.000592
1773,100003.000593
1774,100000.000592
1775,100001.000593
1776,100003.000594
1777,100000.000593
1778,100001.000594
1779,100003.000595
1780,100000.000594
1781,100001.000595
1782,100003.000596
1783,100000.000595
1784,100001.000596
1785,100003.000597
1786,100000.000596
1787,100001.000597
1788,100003.000598
1789,100000.000597
1790,100001.000598
1791,100003.000599
1792,100000.000598
1793,100001.000599
1794,100003.000600
1795,100000.000599
1796,100001.000600
1797,100003.000601
1798,100000.000600
1799,100001.000601
1800,100003.000602
1801,100000.000601
1802,100001.000602
1803,100003.000603
1804,100000.000602
1805,100001.000603
1806,100003.000604
1807,100000.000603
1808,100001.000604
1809,100003.000605
1810,100000.000604
1811,100001.000605
1812,100003.000606
1813,100000.000605
1814,100001.000606
1815,100003.000607
1816,100000.000606
1817,100001.000607
1818,100003.000608
1819,100000.000607
1820,100001.000608
1821,100003.000609
1822,100000.000608
1823,100001.000609
1824,100003.000610
1825,100000.000609
1826,100001.000610
1827,100003.000611
1828,100000.000610
1829,100001.000611
1830,100003.000612
1831,100000.000611
1832,100001.000612
1833,100003.000613
1834,100000.000612
1835,100001.000613
1836,100003.000614
1837,100000.000613
1838,100001.000614
1839,100003.000615
1840,100000.000614
1841,100001.000615
1842,100003.000616
1843,100000.000615
1844,100001.000616
1845,100003.000617
1846,100000.000616
1847,100001.000617
1848,100003.000618
1849,100000.000617
1850,100001.000618
1851,100003.000619
1852,100000.000618
1853,100001.000619
1854,100003.000620
1855,100000.000619
1856,100001.000620
1857,100003.000621
1858,100000.000620
1859,100001.000621
1860,100003.000622
1861,100000.000621
1862,100001.000622
1863,100003.000623
1864,100000.000622
1865,100001.000623
1866,100003.000624
1867,100000.000623
1868,100001.000624
1869,100003.000625
1870,100000.000624
1871,100001.000625
1872,100003.000626
1873,100000.000625
1874,100001.000626
1875,100003.000627
1876,100000.000626
1877,100001.000627
1878,100003.000628
1879,100000.000627
1880,100001.000628
1881,100003.000629
1882,100000.000628
1883,100001.000629
1884,100003.000630
1885,100000.000629
1886,100001.000630
1887,100003.000631
1888,100000.000630
1889,100001.000631
1890,100003.000632
1891,100000.000631
1892,100001.000632
1893,100003.000633
1894,100000.000632
1895,100001.000633
1896,100003.000634
1897,100000.000633
1898,100001.000634
1899,100003.000635
1900,100000.000634
1901,100001.000635
1902,100003.000636
1903,100000.000635
1904,100001.000636
1905,100003.000637
1906,100000.000636
1907,100001.000637
1908,100003.000638
1909,100000.000637
1910,100001.000638
1911,100003.000639
1912,100000.000638
1913,100001.000639
1914,100003.000640
1915,100000.000639
1916,100001.000640
1917,100003.000641
1918,100000.000640
1919,100001.000641
1920,100003.000642
1921,100000.000641
1922,100001.000642
1923,100003.000643
1924,100000.000642
1925,100001.000643
1926,100003.000644
1927,100000.000643
1928,100001.000644
1929,100003.000645
1930,100000.000644
1931,100001.000645
1932,100003.000646
1933,100000.000645
1934,100001.000646
1935,100003.000647
1936,100000.000646
1937,100001.000647
1938,100003.000648
1939,100000.000647
1940,100001.000648
1941,100003.000649
1942,100000.000648
1943,100001.000649
1944,100003.000650
1945,100000.000649
1946,100001.000650
1947,100003.000651
1948,100000.000650
1949,100001.000651
1950,100003.000652
1951,100000.000651
1952,100001.000652
1953,100003.000653
1954,100000.000652
1955,100001.000653
1956,100003.000654
1957,100000.000653
1958,100001.000654
1959,100003.000655
1960,100000.000654
1961,100001.000655
1962,100003.000656
1963,100000.000655
1964,100001.000656
1965,100003.000657
1966,100000.000656
1967,100001.000657
1968,100003.000658
1969,100000.000657
1970,100001.000658
1971,100003.000659
1972,100000.000658
1973,100001.000659
1974,100003.000660
1975,100000.000659
1976,100001.000660
1977,100003.000661
1978,100000.000660
1979,100001.000661
1980,100003.000662
1981,100000.000661
1982,100001.000662
1983,100003.000663
1984,100000.000662
1985,100001.000663
1986,100003.000664
1987,100000.000663
1988,100001.000664
1989,100003.000665
1990,100000.000664
1991,100001.000665
1992,100003.000666
1993,100000.000665
1994,100001.000666
1995,100003.000667
1996,100000.000666
1997,100001.000667
1998,100003.000668
1999,100000.000667
2000,100001.000668
2001,100003.000669
2002,100000.000668
2003,100001.000669
2004,100003.000670
2005,100000.000669
2006,100001.000670
2007,100003.000671
2008,100000.000670
2009,100001.000671
2010,100003.000672
2011,100000.000671
2012,100001.000672
2013,100003.000673
2014,100000.000672
2015,100001.000673
2016,100003.000674
2017,100000.000673
2018,100001.000674
2019,100003.000675
2020,100000.000674
2021,100001.000675
2022,100003.000676
2023,100000.000675
2024,100001.000676
2025,100003.000677
2026,100000.000676
2027,100001.000677
2028,100003.000678
2029,100000.000677
2030,100001.000678
2031,100003.000679
2032,100000.000678
2033,100001.000679
2034,100003.000680
2035,100000.000679
2036,100001.000680
2037,100003.000681
2038,100000.000680
2039,100001.000681
2040,100003.000682
2041,100000.000681
2042,100001.000682
2043,100003.000683
2044,100000.000682
2045,100001.000683
2046,100003.000684
2047,100000.000683
2048,100001.000684
2049,100003.000685
2050,100000.000684
2051,100001.000685
2052,100003.000686
2053,100000.000685
2054,100001.000686
2055,100003.000687
2056,100000.000686
2057,100001.000687
2058,100003.000688
2059,100000.000687
2060,100001.000688
2061,100003.000689
2062,100000.000688
2063,100001.000689
2064,100003.000690
2065,100000.000689
2066,100001.000690
2067,100003.000691
2068,100000.000690
2069,100001.000691
2070,100003.000692
2071,100000.000691
2072,100001.000692
2073,100003.000693
2074,100000.000692
2075,100001.000693
2076,100003.000694
2077,100000.000693
2078,100001.000694
2079,100003.000695
2080,100000.000694
2081,100001.000695
2082,100003.000696
2083,100000.000695
2084,100001.000696
2085,100003.000697
2086,100000.000696
2087,100001.000697
2088,100003.000698
2089,100000.000697
2090,100001.000698
2091,100003.000699
2092,100000.000698
2093,100001.000699
2094,100003.000700
2095,100000.000699
2096,100001.000700
2097,100003.000701
2098,100000.000700
2099,100001.000701
2100,100003.000702
2101,100000.000701
2102,100001.000702
2103,100003.000703
2104,100000.000702
2105,100001.000703
2106,100003.000704
2107,100000.000703
2108,100001.000704
2109,100003.000705
2110,100000.000704
2111,100001.000705
2112,100003.000706
2113,100000.000705
2114,100001.000706
2115,100003.000707
2116,100000.000706
2117,100001.000707
2118,100003.000708
2119,100000.000707
2120,100001.000708
2121,100003.000709
2122,100000.000708
2123,100001.000709
2124,100003.000710
2125,100000.000709
2126,100001.000710
2127,100003.000711
2128,100000.000710
2129,100001.000711
2130,100003.000712
2131,100000.000711
2132,100001.000712
2133,100003.000713
2134,100000.000712
2135,100001.000713
2136,100003.000714
2137,100000.000713
2138,100001.000714
2139,100003.000715
2140,100000.000714
2141,100001.000715
2142,100003.000716
2143,100000.000715
2144,100001.000716
2145,100003.000717
2146,100000.000716
2147,100001.000717
2148,100003.000718
2149,100000.000717
2150,100001.000718
2151,100003.000719
2152,100000.000718
2153,100001.000719
2154,100003.000720
2155,100000.000719
2156,100001.000720
2157,100003.000721
2158,100000.000720
2159,100001.000721
2160,100003.000722
2161,100000.000721
2162,100001.000722
2163,100003.000723
2164,100000.000722
2165,100001.000723
2166,100003.000724
2167,100000.000723
2168,100001.000724
2169,100003.000725
2170,100000.000724
2171,100001.000725
2172,100003.000726
2173,100000.000725
2174,100001.000726
2175,100003.000727
2176,100000.000726
2177,100001.000727
2178,100003.000728
2179,100000.000727
2180,100001.000728
2181,100003.000729
2182,100000.000728
2183,100001.000729
2184,100003.000730
2185,100000.000729
2186,100001.000730
2187,100003.000731
2188,100000.000730
2189,100001.000731
2190,100003.000732
2191,100000.000731
2192,100001.000732
2193,100003.000733
2194,100000.000732
2195,100001.000733
2196,100003.000734
2197,100000.000733
2198,100001.000734
2199,100003.000735
2200,100000.000734
2201,100001.000735
2202,100003.000736
2203,100000.000735
2204,100001.000736
2205,100003.000737
2206,100000.000736
2207,100001.000737
2208,100003.000738
2209,100000.000737
2210,100001.000738
2211,100003.000739
2212,100000.000738
2213,100001.000739
2214,100003.000740
2215,100000.000739
2216,100001.000740
2217,100003.000741
2218,100000.000740
2219,100001.000741
2220,100003.000742
2221,100000.000741
2222,100001.000742
2223,100003.000743
2224,100000.000742
2225,100001.000743
2226,100003.000744
2227,100000.000743
2228,100001.000744
2229,100003.000745
2230,100000.000744
2231,100001.000745
2232,100003.000746
2233,100000.000745
2234,100001.000746
2235,100003.000747
2236,100000.000746
2237,100001.000747
2238,100003.000748
2239,100000.000747
2240,100001.000748
2241,100003.000749
2242,100000.000748
2243,100001.000749
2244,100003.000750
2245,100000.000749
2246,100001.000750
2247,100003.000751
2248,100000.000750
2249,100001.000751
2250,100003.000752
2251,100000.000751
2252,100001.000752
2253,100003.000753
2254,100000.000752
2255,100001.000753
2256,100003.000754
2257,100000.000753
2258,100001.000754
2259,100003.000755
2260,100000.000754
2261,100001.000755
2262,100003.000756
2263,100000.000755
2264,100001.000756
2265,100003.000757
2266,100000.000756
2267,100001.000757
2268,100003.000758
2269,100000.000757
2270,100001.000758
2271,100003.000759
2272,100000.000758
2273,100001.000759
2274,100003.000760
2275,100000.000759
2276,100001.000760
2277,100003.000761
2278,100000.000760
2279,100001.000761
2280,100003.000762
2281,100000.000761
2282,100001.000762
2283,100003.000763
2284,100000.000762
2285,100001.000763
2286,100003.000764
2287,100000.000763
2288,100001.000764
2289,100003.000765
2290,100000.000764
2291,100001.000765
2292,100003.000766
2293,100000.000765
2294,100001.000766
2295,100003.000767
2296,100000.000766
2297,100001.000767
2298,100003.000768
2299,100000.000767
2300,100001.000768
2301,100003.000769
2302,100000.000768
2303,100001.000769
2304,100003.000770
2305,100000.000769
2306,100001.000770
2307,100003.000771
2308,100000.000770
2309,100001.000771
2310,100003.000772
2311,100000.000771
2312,100001.000772
2313,100003.000773
2314,100000.000772
2315,100001.000773
2316,100003.000774
2317,100000.000773
2318,100001.000774
2319,100003.000775
2320,100000.000774
2321,100001.000775
2322,100003.000776
2323,100000.000775
2324,100001.000776
2325,100003.000777
2326,100000.000776
2327,100001.000777
2328,100003.000778
2329,100000.000777
2330,100001.000778
2331,100003.000779
2332,100000.000778
2333,100001.000779
2334,100003.000780
2335,100000.000779
2336,100001.000780
2337,100003.000781
2338,100000.000780
2339,100001.000781
2340,100003.000782
2341,100000.000781
2342,100001.000782
2343,100003.000783
2344,100000.000782
2345,100001.000783
2346,100003.000784
2347,100000.000783
2348,100001.000784
2349,100003.000785
2350,100000.000784
2351,100001.000785
2352,100003.000786
2353,100000.000785
2354,100001.000786
2355,100003.000787
2356,100000.000786
2357,100001.000787
2358,100003.000788
2359,100000.000787
2360,100001.000788
2361,100003.000789
2362,100000.000788
2363,100001.000789
2364,100003.000790
2365,100000.000789
2366,100001.000790
2367,100003.000791
2368,100000.000790
2369,100001.000791
2370,100003.000792
2371,100000.000791
2372,100001.000792
2373,100003.000793
2374,100000.000792
2375,100001.000793
2376,100003.000794
2377,100000.000793
2378,100001.000794
2379,100003.000795
2380,100000.000794
2381,100001.000795
2382,100003.000796
2383,100000.000795
2384,100001.000796
2385,100003.000797
2386,100000.000796
2387,100001.000797
2388,100003.000798
2389,100000.000797
2390,100001.000798
2391,100003.000799
2392,100000.000798
2393,100001.000799
2394,100003.000800
2395,100000.000799
2396,100001.000800
2397,100003.000801
2398,100000.000800
2399,100001.000801
2400,100003.000802
2401,100000.000801
2402,100001.000802
2403,100003.000803
2404,100000.000802
2405,100001.000803
2406,100003.000804
2407,100000.000803
2408,100001.000804
2409,100003.000805
2410,100000.000804
2411,100001.000805
2412,100003.000806
2413,100000.000805
2414,100001.000806
2415,100003.000807
2416,100000.000806
2417,100001.000807
2418,100003.000808
2419,100000.000807
2420,100001.000808
2421,100003.000809
2422,100000.000808
2423,100001.000809
2424,100003.000810
2425,100000.000809
2426,100001.000810
2427,100003.000811
2428,100000.000810
2429,100001.000811
2430,100003.000812
2431,100000.000811
2432,100001.000812
2433,100003.000813
2434,100000.000812
2435,100001.000813
2436,100003.000814
2437,100000.000813
2438,100001.000814
2439,100003.000815
2440,100000.000814
2441,100001.000815
2442,100003.000816
2443,100000.000815
2444,100001.000816
2445,100003.000817
2446,100000.000816
2447,100001.000817
2448,100003.000818
2449,100000.000817
2450,100001.000818
2451,100003.000819
2452,100000.000818
2453,100001.000819
2454,100003.000820
2455,100000.000819
2456,100001.000820
2457,100003.000821
2458,100000.000820
2459,100001.000821
2460,100003.000822
2461,100000.000821
2462,100001.000822
2463,100003.000823
2464,100000.000822
2465,100001.000823
2466,100003.000824
2467,100000.000823
2468,100001.000824
2469,100003.000825
2470,100000.000824
2471,100001.000825
2472,100003.000826
2473,100000.000825
2474,100001.000826
2475,100003.000827
2476,100000.000826
2477,100001.000827
2478,100003.000828
2479,100000.000827
2480,100001.000828
2481,100003.000829
2482,100000.000828
2483,100001.000829
2484,100003.000830
2485,100000.000829
2486,100001.000830
2487,100003.000831
2488,100000.000830
2489,100001.000831
2490,100003.000832
2491,100000.000831
2492,100001.000832
2493,100003.000833
2494,100000.000832
2495,100001.000833
2496,100003.000834
2497,100000.000833
2498,100001.000834
2499,100003.000835
2500,100000.000834
2501,100001.000835
2502,100003.000836
2503,100000.000835
2504,100001.000836
2505,100003.000837
2506,100000.000836
2507,100001.000837
2508,100003.000838
2509,100000.000837
2510,100001.000838
2511,100003.000839
2512,100000.000838
2513,100001.000839
2514,100003.000840
2515,100000.000839
2516,100001.000840
2517,100003.000841
2518,100000.000840
2519,100001.000841
2520,100003.000842
2521,100000.000841
2522,100001.000842
2523,100003.000843
2524,100000.000842
2525,100001.000843
2526,100003.000844
2527,100000.000843
2528,100001.000844
2529,100003.000845
2530,100000.000844
2531,100001.000845
2532,100003.000846
2533,100000.000845
2534,100001.000846
2535,100003.000847
2536,100000.000846
2537,100001.000847
2538,100003.000848
2539,100000.000847
2540,100001.000848
2541,100003.000849
2542,100000.000848
2543,100001.000849
2544,100003.000850
2545,100000.000849
2546,100001.000850
2547,100003.000851
2548,100000.000850
2549,100001.000851
2550,100003.000852
2551,100000.000851
2552,100001.000852
2553,100003.000853
2554,100000.000852
2555,100001.000853
2556,100003.000854
2557,100000.000853
2558,100001.000854
2559,100003.000855
2560,100000.000854
2561,100001.000855
2562,100003.000856
2563,100000.000855
2564,100001.000856
2565,100003.000857
2566,100000.000856
2567,100001.000857
2568,100003.000858
2569,100000.000857
2570,100001.000858
2571,100003.000859
2572,100000.000858
2573,100001.000859
2574,100003.000860
2575,100000.000859
2576,100001.000860
2577,100003.000861
2578,100000.000860
2579,100001.000861
2580,100003.000862
2581,100000.000861
2582,100001.000862
2583,100003.000863
2584,100000.000862
2585,100001.000863
2586,100003.000864
2587,100000.000863
2588,100001.000864
2589,100003.000865
2590,100000.000864
2591,100001.000865
2592,100003.000866
2593,100000.000865
2594,100001.000866
2595,100003.000867
2596,100000.000866
2597,100001.000867
2598,100003.000868
2599,100000.000867
2600,100001.000868
2601,100003.000869
2602,100000.000868
2603,100001.000869
2604,100003.000870
2605,100000.000869
2606,100001.000870
2607,100003.000871
2608,100000.000870
2609,100001.000871
2610,100003.000872
2611,100000.000871
2612,100001.000872
2613,100003.000873
2614,100000.000872
2615,100001.000873
2616,100003.000874
2617,100000.000873
2618,100001.000874
2619,100003.000875
2620,100000.000874
2621,100001.000875
2622,100003.000876
2623,100000.000875
2624,100001.000876
2625,100003.000877
2626,100000.000876
2627,100001.000877
2628,100003.000878
2629,100000.000877
2630,100001.000878
2631,100003.000879
2632,100000.000878
2633,100001.000879
2634,100003.000880
2635,100000.000879
2636,100001.000880
2637,100003.000881
2638,100000.000880
2639,100001.000881
2640,100003.000882
2641,100000.000881
2642,100001.000882
2643,100003.000883
2644,100000.000882
2645,100001.000883
2646,100003.000884
2647,100000.000883
2648,100001.000884
2649,100003.000885
2650,100000.000884
2651,100001.000885
2652,100003.000886
2653,100000.000885
2654,100001.000886
2655,100003.000887
2656,100000.000886
2657,100001.000887
2658,100003.000888
2659,100000.000887
2660,100001.000888
2661,100003.000889
2662,100000.000888
2663,100001.000889
2664,100003.000890
2665,100000.000889
2666,100001.000890
2667,100003.000891
2668,100000.000890
2669,100001.000891
2670,100003.000892
2671,100000.000891
2672,100001.000892
2673,100003.000893
2674,100000.000892
2675,100001.000893
2676,100003.000894
2677,100000.000893
2678,100001.000894
2679,100003.000895
2680,100000.000894
2681,100001.000895
2682,100003.000896
2683,100000.000895
2684,100001.000896
2685,100003.000897
2686,100000.000896
2687,100001.000897
2688,100003.000898
2689,100000.000897
2690,100001.000898
2691,100003.000899
2692,100000.000898
2693,100001.000899
2694,100003.000900
2695,100000.000899
2696,100001.000900
2697,100003.000901
2698,100000.000900
2699,100001.000901
2700,100003.000902
2701,100000.000901
2702,100001.000902
2703,100003.000903
2704,100000.000902
2705,100001.000903
2706,100003.000904
2707,100000.000903
2708,100001.000904
2709,100003.000905
2710,100000.000904
2711,100001.000905
2712,100003.000906
2713,100000.000905
2714,100001.000906
2715,100003.000907
2716,100000.000906
2717,100001.000907
2718,100003.000908
2719,100000.000907
2720,100001.000908
2721,100003.000909
2722,100000.000908
2723,100001.000909
2724,100003.000910
2725,100000.000909
2726,100001.000910
2727,100003.000911
2728,100000.000910
2729,100001.000911
2730,100003.000912
2731,100000.000911
2732,100001.000912
2733,100003.000913
2734,100000.000912
2735,100001.000913
2736,100003.000914
2737,100000.000913
2738,100001.000914
2739,100003.000915
2740,100000.000914
2741,100001.000915
2742,100003.000916
2743,100000.000915
2744,100001.000916
2745,100003.000917
2746,100000.000916
2747,100001.000917
2748,100003.000918
2749,100000.000917
2750,100001.000918
2751,100003.000919
2752,100000.000918
2753,100001.000919
2754,100003.000920
2755,100000.000919
2756,100001.000920
2757,100003.000921
2758,100000.000920
2759,100001.000921
2760,100003.000922
2761,100000.000921
2762,100001.000922
2763,100003.000923
2764,100000.000922
2765,100001.000923
2766,100003.000924
2767,100000.000923
2768,100001.000924
2769,100003.000925
2770,100000.000924
2771,100001.000925
2772,100003.000926
2773,100000.000925
2774,100001.000926
2775,100003.000927
2776,100000.000926
2777,100001.000927
2778,100003.000928
2779,100000.000927
2780,100001.000928
2781,100003.000929
2782,100000.000928
2783,100001.000929
2784,100003.000930
2785,100000.000929
2786,100001.000930
2787,100003.000931
2788,100000.000930
2789,100001.000931
2790,100003.000932
2791,100000.000931
2792,100001.000932
2793,100003.000933
2794,100000.000932
2795,100001.000933
2796,100003.000934
2797,100000.000933
2798,100001.000934
2799,100003.000935
2800,100000.000934
2801,100001.000935
2802,100003.000936
2803,100000.000935
2804,100001.000936
2805,100003.000937
2806,100000.000936
2807,100001.000937
2808,100003.000938
2809,100000.000937
2810,100001.000938
2811,100003.000939
2812,100000.000938
2813,100001.000939
2814,100003.000940
2815,100000.000939
2816,100001.000940
2817,100003.000941
2818,100000.000940
2819,100001.000941
2820,100003.000942
2821,100000.000941
2822,100001.000942
2823,100003.000943
2824,100000.000942
2825,100001.000943
2826,100003.000944
2827,100000.000943
2828,100001.000944
2829,100003.000945
2830,100000.000944
2831,100001.000945
2832,100003.000946
2833,100000.000945
2834,100001.000946
2835,100003.000947
2836,100000.000946
2837,100001.000947
2838,100003.000948
2839,100000.000947
2840,100001.000948
2841,100003.000949
2842,100000.000948
2843,100001.000949
2844,100003.000950
2845,100000.000949
2846,100001.000950
2847,100003.000951
2848,100000.000950
2849,100001.000951
2850,100003.000952
2851,100000.000951
2852,100001.000952
2853,100003.000953
2854,100000.000952
2855,100001.000953
2856,100003.000954
2857,100000.000953
2858,100001.000954
2859,100003.000955
2860,100000.000954
2861,100001.000955
2862,100003.000956
2863,100000.000955
2864,100001.000956
2865,100003.000957
2866,100000.000956
2867,100001.000957
2868,100003.000958
2869,100000.000957
2870,100001.000958
2871,100003.000959
2872,100000.000958
2873,100001.000959
2874,100003.000960
2875,100000.000959
2876,100001.000960
2877,100003.000961
2878,100000.000960
2879,100001.000961
2880,100003.000962
2881,100000.000961
2882,100001.000962
2883,100003.000963
2884,100000.000962
2885,100001.000963
2886,100003.000964
2887,100000.000963
2888,100001.000964
2889,100003.000965
2890,100000.000964
2891,100001.000965
2892,100003.000966
2893,100000.000965
2894,100001.000966
2895,100003.000967
2896,100000.000966
2897,100001.000967
2898,100003.000968
2899,100000.000967
2900,100001.000968
2901,100003.000969
2902,100000.000968
2903,100001.000969
2904,100003.000970
2905,100000.000969
2906,100001.000970
2907,100003.000971
2908,100000.000970
2909,100001.000971
2910,100003.000972
2911,100000.000971
2912,100001.000972
2913,100003.000973
2914,100000.000972
2915,100001.000973
2916,100003.000974
2917,100000.000973
2918,100001.000974
2919,100003.000975
2920,100000.000974
2921,100001.000975
2922,100003.000976
2923,100000.000975
2924,100001.000976
2925,100003.000977
2926,100000.000976
2927,100001.000977
2928,100003.000978
2929,100000.000977
2930,100001.000978
2931,100003.000979
2932,100000.000978
2933,100001.000979
2934,100003.000980
2935,100000.000979
2936,100001.000980
2937,100003.000981
2938,100000.000980
2939,100001.000981
2940,100003.000982
2941,100000.000981
2942,100001.000982
2943,100003.000983
2944,100000.000982
2945,100001.000983
2946,100003.000984
2947,100000.000983
2948,100001.000984
2949,100003.000985
2950,100000.000984
2951,100001.000985
2952,100003.000986
2953,100000.000985
2954,100001.000986
2955,100003.000987
2956,100000.000986
2957,100001.000987
2958,100003.000988
2959,100000.000987
2960,100001.000988
2961,100003.000989
2962,100000.000988
2963,100001.000989
2964,100003.000990
2965,100000.000989
2966,100001.000990
2967,100003.000991
2968,100000.000990
2969,100001.000991
2970,100003.000992
2971,100000.000991
2972,100001.000992
2973,100003.000993
2974,100000.000992
2975,100001.000993
2976,100003.000994
2977,100000.000993
2978,100001.000994
2979,100003.000995
2980,100000.000994
2981,100001.000995
2982,100003.000996
2983,100000.000995
2984,100001.000996
2985,100003.000997
2986,100000.000996
2987,100001.000997
2988,100003.000998
2989,100000.000997
2990,100001.000998
2991,100003.000999
2992,100000.000998
2993,100001.000999
2994,100003.001000
2995,100000.000999
2996,100001.001000
2997,100003.001001
2998,100000.001000
2999,100001.001001
3000,100003.001002
3001,100000.001001
3002,100001.001002
3003,100003.001003
3004,100000.001002
3005,100001.001003
3006,100003.001004
3007,100000.001003
3008,100001.001004
3009,100003.001005
3010,100000.001004
3011,100001.001005
3012,100003.001006
3013,100000.001005
3014,100001.001006
3015,100003.001007
3016,100000.001006
3017,100001.001007
3018,100003.001008
3019,100000.001007
3020,100001.001008
3021,100003.001009
3022,100000.001008
3023,100001.001009
3024,100003.001010
3025,100000.001009
3026,100001.001010
3027,100003.001011
3028,100000.001010
3029,100001.001011
3030,100003.001012
3031,100000.001011
3032,100001.001012
3033,100003.001013
3034,100000.001012
3035,100001.001013
3036,100003.001014
3037,100000.001013
3038,100001.001014
3039,100003.001015
3040,100000.001014
3041,100001.001015
3042,100003.001016
3043,100000.001015
3044,100001.001016
3045,100003.001017
3046,100000.001016
3047,100001.001017
3048,100003.001018
3049,100000.001017
3050,100001.001018
3051,100003.001019
3052,100000.001018
3053,100001.001019
3054,100003.001020
3055,100000.001019
3056,100001.001020
3057,100003.001021
3058,100000.001020
3059,100001.001021
3060,100003.001022
3061,100000.001021
3062,100001.001022
3063,100003.001023
3064,100000.001022
3065,100001.001023
3066,100003.001024
3067,100000.001023
3068,100001.001024
3069,100003.001025
3070,100000.001024
3071,100001.001025
3072,100003.001026
3073,100000.001025
3074,100001.001026
3075,100003.001027
3076,100000.001026
3077,100001.001027
3078,100003.001028
3079,100000.001027
3080,100001.001028
3081,100003.001029
3082,100000.001028
3083,100001.001029
3084,100003.001030
3085,100000.001029
3086,100001.001030
3087,100003.001031
3088,100000.001030
3089,100001.001031
3090,100003.001032
3091,100000.001031
3092,100001.001032
3093,100003.001033
3094,100000.001032
3095,100001.001033
3096,100003.001034
3097,100000.001033
3098,100001.001034
3099,100003.001035
3100,100000.001034
3101,100001.001035
3102,100003.001036
3103,100000.001035
3104,100001.001036
3105,100003.001037
3106,100000.001036
3107,100001.001037
3108,100003.001038
3109,100000.001037
3110,100001.001038
3111,100003.001039
3112,100000.001038
3113,100001.001039
3114,100003.001040
3115,100000.001039
3116,100001.001040
3117,100003.001041
3118,100000.001040
3119,100001.001041
3120,100003.001042
3121,100000.001041
3122,100001.001042
3123,100003.001043
3124,100000.001042
3125,100001.001043
3126,100003.001044
3127,100000.001043
3128,100001.001044
3129,100003.001045
3130,100000.001044
3131,100001.001045
3132,100003.001046
3133,100000.001045
3134,100001.001046
3135,100003.001047
3136,100000.001046
3137,100001.001047
3138,100003.001048
3139,100000.001047
3140,100001.001048
3141,100003.001049
3142,100000.001048
3143,100001.001049
3144,100003.001050
3145,100000.001049
3146,100001.001050
3147,100003.001051
3148,100000.001050
3149,100001.001051
3150,100003.001052
3151,100000.001051
3152,100001.001052
3153,100003.001053
3154,100000.001052
3155,100001.001053
3156,100003.001054
3157,100000.001053
3158,100001.001054
3159,100003.001055
3160,100000.001054
3161,100001.001055
3162,100003.001056
3163,100000.001055
3164,100001.001056
3165,100003.001057
3166,100000.001056
3167,100001.001057
3168,100003.001058
3169,100000.001057
3170,100001.001058
3171,100003.001059
3172,100000.001058
3173,100001.001059
3174,100003.001060
3175,100000.001059
3176,100001.001060
3177,100003.001061
3178,100000.001060
3179,100001.001061
3180,100003.001062
3181,100000.001061
3182,100001.001062
3183,100003.001063
3184,100000.001062
3185,100001.001063
3186,100003.001064
3187,100000.001063
3188,100001.001064
3189,100003.001065
3190,100000.001064
3191,100001.001065
3192,100003.001066
3193,100000.001065
3194,100001.001066
3195,100003.001067
3196,100000.001066
3197,100001.001067
3198,100003.001068
3199,100000.001067
3200,100001.001068
3201,100003.001069
3202,100000.001068
3203,100001.001069
3204,100003.001070
3205,100000.001069
3206,100001.001070
3207,100003.001071
3208,100000.001070
3209,100001.001071
3210,100003.001072
3211,100000.001071
3212,100001.001072
3213,100003.001073
3214,100000.001072
3215,100001.001073
3216,100003.001074
3217,100000.001073
3218,100001.001074
3219,100003.001075
3220,100000.001074
3221,100001.001075
3222,100003.001076
3223,100000.001075
3224,100001.001076
3225,100003.001077
3226,100000.001076
3227,100001.001077
3228,100003.001078
3229,100000.001077
3230,100001.001078
3231,100003.001079
3232,100000.001078
3233,100001.001079
3234,100003.001080
3235,100000.001079
3236,100001.001080
3237,100003.001081
3238,100000.001080
3239,100001.001081
3240,100003.001082
3241,100000.001081
3242,100001.001082
3243,100003.001083
3244,100000.001082
3245,100001.001083
3246,100003.001084
3247,100000.001083
3248,100001.001084
3249,100003.001085
3250,100000.001084
3251,100001.001085
3252,100003.001086
3253,100000.001085
3254,100001.001086
3255,100003.001087
3256,100000.001086
3257,100001.001087
3258,100003.001088
3259,100000.001087
3260,100001.001088
3261,100003.001089
3262,100000.001088
3263,100001.001089
3264,100003.001090
3265,100000.001089
3266,100001.001090
3267,100003.001091
3268,100000.001090
3269,100001.001091
3270,100003.001092
3271,100000.001091
3272,100001.001092
3273,100003.001093
3274,100000.001092
3275,100001.001093
3276,100003.001094
3277,100000.001093
3278,100001.001094
3279,100003.001095
3280,100000.001094
3281,100001.001095
3282,100003.001096
3283,100000.001095
3284,100001.001096
3285,100003.001097
3286,100000.001096
3287,100001.001097
3288,100003.001098
3289,100000.001097
3290,100001.001098
3291,100003.001099
3292,100000.001098
3293,100001.001099
3294,100003.001100
3295,100000.001099
3296,100001.001100
3297,100003.001101
3298,100000.001100
3299,100001.001101
3300,100003.001102
3301,100000.001101
3302,100001.001102
3303,100003.001103
3304,100000.001102
3305,100001.001103
3306,100003.001104
3307,100000.001103
3308,100001.001104
3309,100003.001105
3310,100000.001104
3311,100001.001105
3312,100003.001106
3313,100000.001105
3314,100001.001106
3315,100003.001107
3316,100000.001106
3317,100001.001107
3318,100003.001108
3319,100000.001107
3320,100001.001108
3321,100003.001109
3322,100000.001108
3323,100001.001109
3324,100003.001110
3325,100000.001109
3326,100001.001110
3327,100003.001111
3328,100000.001110
3329,100001.001111
3330,100003.001112
3331,100000.001111
3332,100001.001112
3333,100003.001113
3334,100000.001112
3335,100001.001113
3336,100003.001114
3337,100000.001113
3338,100001.001114
3339,100003.001115
3340,100000.001114
3341,100001.001115
3342,100003.001116
3343,100000.001115
3344,100001.001116
3345,100003.001117
3346,100000.001116
3347,100001.001117
3348,100003.001118
3349,100000.001117
3350,100001.001118
3351,100003.001119
3352,100000.001118
3353,100001.001119
3354,100003.001120
3355,100000.001119
3356,100001.001120
3357,100003.001121
3358,100000.001120
3359,100001.001121
3360,100003.001122
3361,100000.001121
3362,100001.001122
3363,100003.001123
3364,100000.001122
3365,100001.001123
3366,100003.001124
3367,100000.001123
3368,100001.001124
3369,100003.001125
3370,100000.001124
3371,100001.001125
3372,100003.001126
3373,100000.001125
3374,100001.001126
3375,100003.001127
3376,100000.001126
3377,100001.001127
3378,100003.001128
3379,100000.001127
3380,100001.001128
3381,100003.001129
3382,100000.001128
3383,100001.001129
3384,100003.001130
3385,100000.001129
3386,100001.001130
3387,100003.001131
3388,100000.001130
3389,100001.001131
3390,100003.001132
3391,100000.001131
3392,100001.001132
3393,100003.001133
3394,100000.001132
3395,100001.001133
3396,100003.001134
3397,100000.001133
3398,100001.001134
3399,100003.001135
3400,100000.001134
3401,100001.001135
3402,100003.001136
3403,100000.001135
3404,100001.001136
3405,100003.001137
3406,100000.001136
3407,100001.001137
3408,100003.001138
3409,100000.001137
3410,100001.001138
3411,100003.001139
3412,100000.001138
3413,100001.001139
3414,100003.001140
3415,100000.001139
3416,100001.001140
3417,100003.001141
3418,100000.001140
3419,100001.001141
3420,100003.001142
3421,100000.001141
3422,100001.001142
3423,100003.001143
3424,100000.001142
3425,100001.001143
3426,100003.001144
3427,100000.001143
3428,100001.001144
3429,100003.001145
3430,100000.001144
3431,100001.001145
3432,100003.001146
3433,100000.001145
3434,100001.001146
3435,100003.001147
3436,100000.001146
3437,100001.001147
3438,100003.001148
3439,100000.001147
3440,100001.001148
3441,100003.001149
3442,100000.001148
3443,100001.001149
3444,100003.001150
3445,100000.001149
3446,100001.001150
3447,100003.001151
3448,100000.001150
3449,100001.001151
3450,100003.001152
3451,100000.001151
3452,100001.001152
3453,100003.001153
3454,100000.001152
3455,100001.001153
3456,100003.001154
3457,100000.001153
3458,100001.001154
3459,100003.001155
3460,100000.001154
3461,100001.001155
3462,100003.001156
3463,100000.001155
3464,100001.001156
3465,100003.001157
3466,100000.001156
3467,100001.001157
3468,100003.001158
3469,100000.001157
3470,100001.001158
3471,100003.001159
3472,100000.001158
3473,100001.001159
3474,100003.001160
3475,100000.001159
3476,100001.001160
3477,100003.001161
3478,100000.001160
3479,100001.001161
3480,100003.001162
3481,100000.001161
3482,100001.001162
3483,100003.001163
3484,100000.001162
3485,100001.001163
3486,100003.001164
3487,100000.001163
3488,100001.001164
3489,100003.001165
3490,100000.001164
3491,100001.001165
3492,100003.001166
3493,100000.001165
3494,100001.001166
3495,100003.001167
3496,100000.001166
3497,100001.001167
3498,100003.001168
3499,100000.001167
3500,100001.001168
3501,100003.001169
3502,100000.001168
3503,100001.001169
3504,100003.001170
3505,100000.001169
3506,100001.001170
3507,100003.001171
3508,100000.001170
3509,100001.001171
3510,100003.001172
3511,100000.001171
3512,100001.001172
3513,100003.001173
3514,100000.001172
3515,100001.001173
3516,100003.001174
3517,100000.001173
3518,100001.001174
3519,100003.001175
3520,100000.001174
3521,100001.001175
3522,100003.001176
3523,100000.001175
3524,100001.001176
3525,100003.001177
3526,100000.001176
3527,100001.001177
3528,100003.001178
3529,100000.001177
3530,100001.001178
3531,100003.001179
3532,100000.001178
3533,100001.001179
3534,100003.001180
3535,100000.001179
3536,100001.001180
3537,100003.001181
3538,100000.001180
3539,100001.001181
3540,100003.001182
3541,100000.001181
3542,100001.001182
3543,100003.001183
3544,100000.001182
3545,100001.001183
3546,100003.001184
3547,100000.001183
3548,100001.001184
3549,100003.001185
3550,100000.001184
3551,100001.001185
3552,100003.001186
3553,100000.001185
3554,100001.001186
3555,100003.001187
3556,100000.001186
3557,100001.001187
3558,100003.001188
3559,100000.001187
3560,100001.001188
3561,100003.001189
3562,100000.001188
3563,100001.001189
3564,100003.001190
3565,100000.001189
3566,100001.001190
3567,100003.001191
3568,100000.001190
3569,100001.001191
3570,100003.001192
3571,100000.001191
3572,100001.001192
3573,100003.001193
3574,100000.001192
3575,100001.001193
3576,100003.001194
3577,100000.001193
3578,100001.001194
3579,100003.001195
3580,100000.001194
3581,100001.001195
3582,100003.001196
3583,100000.001195
3584,100001.001196
3585,100003.001197
3586,100000.001196
3587,100001.001197
3588,100003.001198
3589,100000.001197
3590,100001.001198
3591,100003.001199
3592,100000.001198
3593,100001.001199
3594,100003.001200
3595,100000.001199
3596,100001.001200
3597,100003.001201
3598,100000.001200
3599,100001.001201
3600,100003.001202
3601,100000.001201
3602,100001.001202
3603,100003.001203
3604,100000.001202
3605,100001.001203
3606,100003.001204
3607,100000.001203
3608,100001.001204
3609,100003.001205
3610,100000.001204
3611,100001.001205
3612,100003.001206
3613,100000.001205
3614,100001.001206
3615,100003.001207
3616,100000.001206
3617,100001.001207
3618,100003.001208
3619,100000.001207
3620,100001.001208
3621,100003.001209
3622,100000.001208
3623,100001.001209
3624,100003.001210
3625,100000.001209
3626,100001.001210
3627,100003.001211
3628,100000.001210
3629,100001.001211
3630,100003.001212
3631,100000.001211
3632,100001.001212
3633,100003.001213
3634,100000.001212
3635,100001.001213
3636,100003.001214
3637,100000.001213
3638,100001.001214
3639,100003.001215
3640,100000.001214
3641,100001.001215
3642,100003.001216
3643,100000.001215
3644,100001.001216
3645,100003.001217
3646,100000.001216
3647,100001.001217
3648,100003.001218
3649,100000.001217
3650,100001.001218
3651,100003.001219
3652,100000.001218
3653,100001.001219
3654,100003.001220
3655,100000.001219
3656,100001.001220
3657,100003.001221
3658,100000.001220
3659,100001.001221
3660,100003.001222
3661,100000.001221
3662,100001.001222
