id,target
1,684629.5
2,869828.56
3,723528.56
4,1203489.4
5,611173.7
6,914488.9
7,277333.1
8,1472562.5
9,1968703.1
10,295029.03
11,437113.34
12,1329186.1
13,567260.9
14,672731.44
15,1219815.2
16,2286520.0
17,576615.94
18,289672.0
19,1346472.9
20,677481.3
21,381275.38
22,394094.66
23,411075.0
24,317271.16
25,728122.94
26,1669426.8
27,931361.75
28,539450.4
29,292222.25
30,460732.9
31,745096.75
32,685661.0
33,349566.25
34,398646.75
35,1319563.5
36,493917.97
37,359167.78
38,287134.66
39,656871.94
40,821570.5
41,400296.97
42,821084.94
43,3320194.5
44,334783.75
45,663867.75
46,335517.9
47,619420.2
48,415436.22
49,358972.9
50,298636.75
51,622138.4
52,817807.8
53,1530919.0
54,1673989.8
55,603305.0
56,382205.2
57,859589.4
58,430449.34
59,905885.0
60,1179195.5
61,800694.7
62,956560.75
63,1701595.6
64,1519284.9
65,436248.47
66,356013.8
67,550202.94
68,989389.94
69,799006.9
70,1025077.7
71,380949.53
72,247451.6
73,540288.0
74,526019.56
75,588662.9
76,785570.5
77,777152.7
78,550222.8
79,454933.62
80,426735.34
81,2305188.2
82,906886.6
83,1794517.5
84,1193973.4
85,364359.56
86,311946.66
87,589826.1
88,871765.7
89,1342503.6
90,840234.0
91,946534.2
92,638400.6
93,396874.0
94,1470392.1
95,296111.38
96,294443.16
97,374573.94
98,757958.4
99,598127.9
100,378151.9
101,449006.53
102,630114.94
103,1631657.6
104,314162.0
105,1384908.8
106,414549.6
107,812885.75
108,1150717.2
109,955400.0
110,600105.9
111,279110.03
112,1087448.1
113,563858.25
114,740270.44
115,1324571.0
116,1426957.1
117,741063.25
118,533794.1
119,692879.8
120,370851.0
121,1004003.7
122,3936781.8
123,1302470.4
124,814994.2
125,944174.0
126,1139009.4
127,1240302.6
128,579275.3
129,1324511.6
130,976973.94
131,468109.16
132,301640.72
133,1500447.6
134,612222.25
135,264980.97
136,366242.5
137,602372.6
138,1545930.1
139,529548.06
140,538469.4
141,1557308.2
142,585251.75
143,951217.1
144,1778558.2
145,1108986.1
146,1461644.0
147,608030.8
148,924386.7
149,834531.75
150,1391831.0
151,1027194.4
152,680018.7
153,365336.16
154,2666641.5
155,627356.75
156,810789.25
157,437326.44
158,1491943.9
159,720999.0
160,408156.53
161,274130.22
162,434780.22
163,275540.56
164,1650157.5
165,642301.75
166,291700.16
167,1403590.4
168,753263.8
169,1717974.6
170,255474.17
171,491313.56
172,1084438.5
173,560198.9
174,531793.5
175,608522.3
176,4007392.2
177,1103685.5
178,438278.16
179,826585.75
180,869835.56
181,582334.3
182,613460.25
183,260869.11
184,578481.1
185,372301.56
186,376070.06
187,324160.4
188,658208.94
189,270151.72
190,1424077.4
191,1207894.9
192,1498916.0
193,606160.2
194,951620.9
195,940529.2
196,1658824.4
197,263545.34
198,677191.3
199,524849.2
200,1202731.0
201,311793.44
202,727040.9
203,546138.8
204,1004596.5
205,348396.66
206,303211.94
207,1172264.0
208,339827.2
209,419609.47
210,352060.97
211,285798.4
212,1376689.8
213,460527.72
214,693949.44
215,571952.44
216,951271.06
217,297064.75
218,1072751.9
219,848865.6
220,623280.75
221,587498.1
222,447550.38
223,629239.75
224,834248.2
225,764782.2
226,442424.84
227,357584.6
228,658897.94
229,2500693.5
230,1134163.6
231,365883.72
232,589388.4
233,717727.4
234,443892.94
235,755064.7
236,589569.25
237,419226.28
238,915415.44
239,319465.3
240,655556.94
241,944130.0
242,439031.78
243,365120.97
244,596469.56
245,932788.9
246,652697.94
247,369698.06
248,1043528.6
249,1693031.0
250,355849.0
251,874808.0
252,1414516.1
253,675870.5
254,934052.56
255,1021939.9
256,1128602.5
257,411508.72
258,427350.88
259,853498.94
260,266391.7
261,1094880.6
262,1063810.8
263,618196.7
264,526048.44
265,1110570.8
266,368363.06
267,911380.94
268,364817.66
269,531146.56
270,930709.4
271,431336.84
272,351710.53
273,289022.75
274,318680.25
275,1306249.4
276,1233991.2
277,1208267.5
278,796255.3
279,360474.9
280,1087160.4
281,766870.9
282,3432580.0
283,426562.1
284,598577.9
285,726735.25
286,1585135.4
287,301133.12
288,1108552.0
289,2501039.0
290,634961.5
291,590230.06
292,474239.78
293,383899.28
294,331016.97
295,301206.66
296,407599.38
297,1541755.8
298,588237.06
299,351840.75
300,311457.2
301,344178.84
302,341769.4
303,1763430.2
304,310079.12
305,1311207.4
306,460284.44
307,759958.8
308,653331.7
309,527308.4
310,288826.94
311,763284.75
312,396122.56
313,946620.0
314,279283.12
315,883589.1
316,995842.6
317,423635.06
318,576099.44
319,305304.0
320,603545.9
321,575767.06
322,562860.94
323,1515828.6
324,594322.1
325,626856.6
326,438437.16
327,2702405.2
328,308797.0
329,1818035.6
330,436119.56
331,918209.8
332,876504.56
333,315802.38
334,693835.75
335,1676437.2
336,750112.9
337,917692.75
338,366755.5
339,921532.06
340,1396869.1
341,714059.8
342,2811490.8
343,589133.4
344,1358492.2
345,1304013.2
346,1238160.0
347,384967.47
348,298249.8
349,673384.9
350,703879.06
351,663391.44
352,817910.0
353,350685.6
354,677019.9
355,259172.84
356,948127.6
357,597468.56
358,540070.7
359,568172.9
360,294722.16
361,1021277.44
362,666985.25
363,1312390.0
364,1028000.1
365,865473.7
366,601173.9
367,747560.3
368,477910.84
369,432142.22
370,469854.72
371,412008.4
372,698161.9
373,948941.94
374,365328.53
375,330130.78
376,680008.06
377,622077.7
378,1755631.8
379,1429642.8
380,1305386.4
381,547294.56
382,615282.56
383,823784.0
384,585477.3
385,567620.0
386,1886037.5
387,570009.94
388,1025227.0
389,1196915.9
390,713772.0
391,915526.2
392,412839.62
393,746456.1
394,1038878.4
395,549916.3
396,2583619.0
397,764849.7
398,947872.75
399,550030.8
400,477898.94
401,886069.56
402,775459.75
403,951170.4
404,830624.2
405,1328496.9
406,400072.94
407,319519.38
408,442884.8
409,927371.3
410,768625.8
411,1156562.1
412,429908.12
413,617959.6
414,347137.0
415,944525.06
416,363345.47
417,2691580.0
418,639573.94
419,409460.34
420,290506.9
421,338946.66
422,986510.0
423,375244.44
424,1463488.4
425,377630.38
426,310951.1
427,858843.1
428,918670.3
429,351591.53
430,413995.84
431,375149.6
432,1343511.1
433,797541.6
434,567872.3
435,931591.25
436,780351.8
437,313421.03
438,923972.75
439,356658.12
440,535119.0
441,375265.22
442,1064956.0
443,1803145.1
444,477893.16
445,1870069.5
446,361732.75
447,309992.3
448,368622.34
449,1548345.2
450,570897.9
451,946510.06
452,1182145.0
453,1395401.6
454,628642.6
455,339032.06
456,2438585.0
457,667016.25
458,284914.94
459,1715678.9
460,445355.6
461,1030542.06
462,296016.06
463,410947.38
464,593946.2
465,531016.75
466,385335.16
467,1069507.2
468,325922.22
469,1052554.0
470,797510.3
471,313258.2
472,931080.0
473,578486.2
474,521344.06
475,1132884.6
476,314624.72
477,287235.34
478,1089135.4
479,425029.97
480,1290279.2
481,464264.84
482,1007340.9
483,463954.88
484,287756.97
485,569083.56
486,359181.7
487,783771.56
488,533160.44
489,1470411.4
490,955062.3
491,986217.44
492,301346.34
493,1831918.1
494,592175.44
495,395609.4
496,611578.8
497,751045.25
498,1424071.8
499,1713108.9
500,710913.3
501,417527.16
502,394260.88
503,292755.03
504,1825424.0
505,741615.5
506,2739688.5
507,1365054.9
508,400904.12
509,926138.4
510,745118.8
511,308029.22
512,381101.8
513,254038.11
514,715084.44
515,878537.44
516,605067.56
517,1202364.8
518,327266.56
519,1668775.6
520,276061.47
521,1064647.8
522,248459.19
523,783965.6
524,561713.3
525,922970.4
526,1023638.94
527,920748.9
528,1051694.4
529,760316.6
530,405404.9
531,743331.75
532,836160.44
533,627760.44
534,342622.72
535,360110.1
536,417340.94
537,744084.44
538,597478.6
539,284271.0
540,661705.0
541,379763.47
542,674690.44
543,292490.94
544,415866.1
545,367725.06
546,967735.06
547,283175.88
548,630765.56
549,915869.75
550,390501.03
551,308424.0
552,2575232.5
553,850929.5
554,366524.53
555,400671.7
556,936183.1
557,1342647.2
558,1792532.5
559,647933.25
560,2264350.0
561,527895.94
562,864248.9
563,297146.2
564,451432.6
565,950548.75
566,1614368.5
567,1213774.4
568,1120002.8
569,450482.56
570,306837.8
571,636841.56
572,945803.6
573,580823.94
574,547029.94
575,381881.16
576,850534.2
577,623834.06
578,755386.2
579,326758.0
580,588072.2
581,569153.3
582,1179042.8
583,412942.03
584,1192583.6
585,910080.5
586,472512.16
587,845799.94
588,349530.72
589,1848662.9
590,1790151.4
591,654618.2
592,1547364.6
593,649893.5
594,543530.56
595,1337131.6
596,1196531.5
597,285755.06
598,302299.56
599,281370.8
600,444290.6
601,342670.7
602,359099.7
603,3869340.5
604,1375596.0
605,759002.25
606,283619.75
607,588526.0
608,304831.1
609,1215850.2
610,955122.56
611,435062.28
612,287824.3
613,709666.3
614,771912.7
615,1047335.9
616,905896.3
617,2848539.5
618,2403792.8
619,303056.88
620,469361.2
621,1422088.2
622,856905.5
623,530094.6
624,929849.1
625,1206583.9
626,1159830.5
627,2798672.0
628,423345.78
629,545874.94
630,381111.75
631,659012.8
632,1383209.6
633,346448.4
634,943802.4
635,738816.06
636,391957.0
637,1257969.8
638,550962.44
639,328790.75
640,652543.06
641,589583.6
642,849357.4
643,859565.75
644,814660.2
645,1111788.9
646,772252.06
647,634049.2
648,478505.66
649,268402.06
650,2204284.5
651,875428.5
652,692034.7
653,348550.7
654,551576.6
655,393888.28
656,403029.25
657,376715.47
658,1032718.25
659,704337.0
660,307182.7
661,1077172.9
662,478529.6
663,550244.8
664,1449600.0
665,1505479.1
666,286114.75
667,430024.3
668,1560131.2
669,731401.2
670,1521697.0
671,449211.16
672,899824.56
673,1420616.6
674,282426.5
675,838514.9
676,259407.97
677,878570.1
678,412225.94
679,1066129.4
680,991774.4
681,583218.9
682,557106.1
683,1527289.2
684,729749.44
685,835204.9
686,391618.2
687,1100633.8
688,800002.5
689,552577.7
690,710170.9
691,1503138.4
692,1208731.2
693,369044.03
694,600039.8
695,1772747.2
696,680670.7
697,1799531.8
698,581748.44
699,654476.75
700,261238.78
701,407230.6
702,320346.25
703,704821.4
704,369169.1
705,1024788.44
706,947962.7
707,310811.78
708,586349.2
709,749059.5
710,599778.06
711,839025.4
712,1284843.2
713,1012310.0
714,669738.7
715,735574.75
716,307211.34
717,370635.3
718,597024.9
719,640529.8
720,865343.4
721,410559.78
722,545365.2
723,289848.97
724,1076845.2
725,294951.1
726,741347.06
727,1047021.7
728,906115.25
729,618734.94
730,962254.5
731,2693134.2
732,635207.7
733,345461.9
734,797931.06
735,635571.9
736,1044186.7
737,1642144.1
738,629486.06
739,1671265.5
740,1382291.6
741,488005.22
742,362278.97
743,2320321.0
744,252392.9
745,357733.88
746,1281496.9
747,365359.12
748,1735852.1
749,575258.44
750,580632.75
751,364844.66
752,661815.56
753,291639.06
754,1454447.5
755,878026.5
756,328938.06
757,723881.8
758,306515.7
759,629921.25
760,323824.12
761,571161.2
762,941086.6
763,795578.8
764,4171411.0
765,2381621.2
766,1102598.9
767,332331.78
768,1274599.1
769,554465.7
770,426802.78
771,470414.1
772,611832.8
773,653230.3
774,597554.56
775,345934.94
776,460998.47
777,320062.94
778,968951.56
779,1605705.8
780,300661.28
781,937835.8
782,573087.75
783,531088.0
784,358623.22
785,743764.7
786,308909.88
787,833726.1
788,1117982.0
789,1412103.2
790,1710565.2
791,632772.44
792,2619838.8
793,3730173.2
794,468694.88
795,827146.1
796,1233010.6
797,1647718.0
798,604649.2
799,945396.56
800,356958.62
801,2263923.0
802,554956.0
803,432795.6
804,452484.75
805,531573.7
806,946078.9
807,2425263.0
808,953054.4
809,312141.2
810,563345.75
811,347878.47
812,300953.03
813,1319003.2
814,1004497.06
815,318511.7
816,946301.9
817,535084.94
818,589755.5
819,747124.9
820,286857.03
821,719325.0
822,717951.9
823,858211.2
824,589201.06
825,992124.56
826,332672.12
827,991009.94
828,382465.88
829,1311202.4
830,985664.75
831,1651812.6
832,681343.1
833,1216468.2
834,1110142.8
835,1548366.6
836,394249.3
837,310731.72
838,1683150.1
839,368743.5
840,400107.16
841,356216.5
842,405971.0
843,1532183.0
844,641244.5
845,461348.88
846,344454.47
847,534283.1
848,851056.3
849,251495.31
850,1643117.4
851,584898.3
852,1607078.5
853,1501696.4
854,617782.75
855,353844.9
856,1035694.4
857,589081.56
858,1379478.9
859,439886.16
860,612559.5
861,382105.38
862,643252.25
863,750470.8
864,1158152.6
865,587404.9
866,434089.62
867,249836.39
868,2406427.2
869,602346.0
870,1742457.5
871,1082574.1
872,1029248.06
873,1309516.4
874,406329.78
875,736855.4
876,872670.7
877,604482.56
878,315479.25
879,573191.2
880,2873102.5
881,1358110.2
882,652496.4
883,842807.8
884,586990.75
885,344040.3
886,1526678.2
887,647205.8
888,490030.25
889,1342637.0
890,433633.12
891,635783.8
892,431611.0
893,2193293.2
894,745461.56
895,650958.5
896,951480.7
897,413756.53
898,656976.4
899,594429.1
900,416599.0
901,956494.06
902,1124458.4
903,315540.4
904,418414.44
905,369253.34
906,599415.4
907,349875.1
908,604529.56
909,315171.4
910,654160.06
911,395900.3
912,729259.5
913,385627.88
914,342444.53
915,1194820.4
916,864747.06
917,734764.56
918,637019.94
919,747077.94
920,1153185.1
921,494274.34
922,755848.6
923,1044442.56
924,926165.1
925,767508.56
926,297971.5
927,463043.72
928,408767.12
929,1409054.1
930,320780.25
931,1223433.5
932,554618.5
933,383373.47
934,823682.1
935,2632906.8
936,296169.3
937,529557.56
938,1325171.6
939,1233635.6
940,1327974.1
941,283576.97
942,444771.28
943,1676392.1
944,1050346.0
945,904978.56
946,324485.53
947,311800.62
948,527526.06
949,594493.5
950,1700007.6
951,1519356.2
952,2373595.8
953,1084308.0
954,795944.25
955,946868.1
956,990659.75
957,1008749.3
958,1756159.2
959,334836.53
960,768642.7
961,944420.06
962,1782890.2
963,583193.6
964,2811129.0
965,2051930.0
966,865119.06
967,947183.5
968,938302.5
969,570486.06
970,367472.12
971,790859.4
972,781199.9
973,1005389.5
974,608346.94
975,680171.3
976,1219448.8
977,276732.28
978,814379.3
979,1149732.2
980,1136299.8
981,293725.44
982,367358.8
983,640656.25
984,1673669.8
985,249456.05
986,952459.1
987,386802.3
988,416189.03
989,855148.5
990,569703.7
991,772818.56
992,307233.44
993,340727.6
994,267715.66
995,546418.3
996,2711619.8
997,729943.6
998,1325912.0
999,1362878.1
1000,333780.22
1001,431256.28
1002,902972.6
1003,1704813.6
1004,267782.9
1005,324240.8
1006,877364.1
1007,256824.72
1008,852500.1
1009,562190.6
1010,299659.72
1011,951858.75
1012,416218.1
1013,1593664.9
1014,635683.94
1015,700993.56
1016,310767.78
1017,284405.75
1018,581123.9
1019,446514.62
1020,1306216.0
1021,602558.56
1022,684003.1
1023,2189244.8
1024,598486.6
1025,305355.56
1026,822185.1
1027,536082.7
1028,981671.1
1029,254242.55
1030,1535330.9
1031,316582.44
1032,936972.44
1033,284151.7
1034,430828.84
1035,741830.6
1036,1147024.1
1037,1859825.1
1038,290959.6
1039,303900.44
1040,1177731.5
1041,256291.66
1042,346547.9
1043,913508.4
1044,1227460.2
1045,356828.06
1046,822944.44
1047,773119.1
1048,2164109.2
1049,671960.0
1050,379732.6
1051,697582.44
1052,585523.56
1053,309615.94
1054,1415057.2
1055,370349.7
1056,1007923.75
1057,737159.3
1058,379726.47
1059,492039.22
1060,796534.1
1061,1386326.0
1062,2532741.8
1063,411121.56
1064,312572.0
1065,791992.44
1066,828209.06
1067,379219.53
1068,1567136.0
1069,863505.2
1070,2403823.5
1071,771110.5
1072,328435.84
1073,1393950.9
1074,2799325.5
1075,1355480.6
1076,534403.75
1077,1275576.5
1078,589386.56
1079,469344.34
1080,1276232.8
1081,549878.6
1082,628476.44
1083,434713.75
1084,919045.5
1085,592470.0
1086,403547.9
1087,1316027.5
1088,291761.25
1089,684975.2
1090,386406.03
1091,351869.06
1092,840789.2
1093,458003.66
1094,713073.06
1095,1844064.9
1096,596241.5
1097,951672.7
1098,413543.06
1099,1251371.0
1100,902072.2
1101,1517003.6
1102,1357937.4
1103,450995.62
1104,576709.2
1105,406327.0
1106,616802.0
1107,1778195.1
1108,815074.0
1109,869673.7
1110,431157.88
1111,568476.7
1112,592485.06
1113,385871.9
1114,983088.94
1115,1109107.2
1116,319578.9
1117,407391.62
1118,774110.06
1119,1641916.9
1120,319672.4
1121,365640.84
1122,377199.7
1123,496740.16
1124,300358.94
1125,2187230.0
1126,1295344.1
1127,499738.34
1128,991236.1
1129,2437547.5
1130,2613988.8
1131,966687.06
1132,1279641.8
1133,778865.1
1134,723012.94
1135,360426.75
1136,1649664.6
1137,402972.38
1138,1394431.9
1139,261874.08
1140,1586898.4
1141,1296803.2
1142,419702.5
1143,770553.6
1144,376420.8
1145,563244.0
1146,1619245.9
1147,648246.4
1148,439502.28
1149,408599.8
1150,943568.7
1151,447473.9
1152,368688.28
1153,922986.75
1154,883104.0
1155,651678.1
1156,1213501.0
1157,1088219.2
1158,963352.44
1159,1475511.2
1160,313764.94
1161,662437.1
1162,793862.44
1163,599480.1
1164,885110.8
1165,382293.78
1166,306452.75
1167,557516.56
1168,1266310.2
1169,954133.9
1170,397862.94
1171,572666.2
1172,368952.06
1173,1065561.0
1174,762572.0
1175,256305.83
1176,292782.72
1177,585134.56
1178,789805.9
1179,880411.2
1180,299322.0
1181,309666.2
1182,2819616.0
1183,901186.0
1184,591158.94
1185,717388.8
1186,544304.9
1187,591966.56
1188,303380.9
1189,292212.6
1190,1780823.8
1191,1206753.8
1192,1353002.1
1193,1229066.2
1194,1553949.6
1195,331707.84
1196,568487.75
1197,771238.6
1198,374608.72
1199,375354.56
1200,627523.44
1201,338195.88
1202,465413.5
1203,1276730.1
1204,278388.16
1205,750660.8
1206,1445918.8
1207,592989.25
1208,575072.7
1209,1015650.44
1210,284946.0
1211,666349.75
1212,1711229.9
1213,1484292.8
1214,556190.06
1215,468237.16
1216,372002.53
1217,1357274.9
1218,1700055.2
1219,627567.2
1220,1293048.2
1221,658980.5
1222,1116121.1
1223,1524526.6
1224,641640.44
1225,366623.38
1226,1307572.1
1227,823489.7
1228,403831.5
1229,367134.4
1230,666658.0
1231,600680.94
1232,1786978.6
1233,2778580.5
1234,1262245.2
1235,596971.75
1236,529247.1
1237,588747.94
1238,525442.7
1239,441734.56
1240,411845.78
1241,1285270.5
1242,284512.94
1243,571448.94
1244,2803625.0
1245,3909430.5
1246,1126428.8
1247,456631.44
1248,719437.56
1249,408655.16
1250,392714.03
1251,347427.03
1252,1283844.2
1253,1780939.9
1254,1034259.8
1255,723607.6
1256,405030.97
1257,853537.25
1258,461451.53
1259,304084.9
1260,548209.5
1261,1246047.9
1262,936396.25
1263,349801.78
1264,395887.56
1265,297778.28
1266,711319.25
1267,458596.22
1268,580214.9
1269,1118676.4
1270,378222.7
1271,388646.4
1272,417082.12
1273,401781.34
1274,319072.5
1275,602663.5
1276,634060.0
1277,363205.78
1278,722636.0
1279,1217342.6
1280,366527.8
1281,1358247.0
1282,423268.0
1283,617050.06
1284,290644.3
1285,294346.4
1286,687697.9
1287,289955.38
1288,543650.25
1289,1388832.1
1290,468106.0
1291,752477.9
1292,383229.44
1293,388048.94
1294,398033.12
1295,1350690.1
1296,370228.4
1297,2435194.8
1298,903744.4
1299,745164.2
1300,388720.47
1301,321269.62
1302,434903.25
1303,650305.5
1304,1592260.8
1305,328810.78
1306,411446.5
1307,363113.12
1308,1268875.8
1309,632166.2
1310,1283425.8
1311,1799522.1
1312,376480.56
1313,452333.9
1314,1009126.1
1315,1167525.9
1316,949477.4
1317,2308043.8
1318,532866.25
1319,1493753.1
1320,1047476.94
1321,273646.75
1322,288362.5
1323,293948.72
1324,800801.1
1325,776921.1
1326,605245.2
1327,944726.6
1328,327660.9
1329,351850.0
1330,778917.5
1331,357811.25
1332,519666.03
1333,745257.94
1334,567703.4
1335,629062.25
1336,1758951.4
1337,846248.5
1338,3189995.2
1339,887851.75
1340,1193773.2
1341,534768.25
1342,623398.0
1343,300951.94
1344,305619.1
1345,1791669.4
1346,997454.3
1347,755096.5
1348,1723521.5
1349,292830.7
1350,1662617.4
1351,408306.94
1352,681641.2
1353,578064.25
1354,670757.2
1355,306617.47
1356,1282004.2
1357,682097.75
1358,450415.84
1359,323375.06
1360,1526035.8
1361,2800050.5
1362,2386595.0
1363,1020064.1
1364,1156341.8
1365,1755124.9
1366,549408.7
1367,296425.25
1368,303095.25
1369,1642333.9
1370,1016959.3
1371,1232141.4
1372,574148.6
1373,570736.9
1374,838276.1
1375,1139820.6
1376,1209933.8
1377,374922.38
1378,294802.16
1379,1333004.4
1380,309126.94
1381,1148570.1
1382,617072.6
1383,1800676.2
1384,1161262.9
1385,1515614.9
1386,545446.6
1387,737989.94
1388,517143.8
1389,360156.78
1390,1451401.4
1391,696881.7
1392,1055537.0
1393,1055768.2
1394,448438.72
1395,662766.94
1396,2954946.5
1397,1312992.5
1398,1722147.5
1399,589697.25
1400,280556.78
1401,524814.9
1402,285270.53
1403,432517.12
1404,290188.4
1405,574020.0
1406,913836.44
1407,1607142.4
1408,966912.3
1409,1482625.6
1410,1082560.4
1411,1857804.1
1412,1102394.8
1413,299842.62
1414,730042.56
1415,1352193.4
1416,400367.38
1417,263014.0
1418,948643.2
1419,696694.06
1420,390277.38
1421,432956.6
1422,348011.72
1423,593776.0
1424,1791336.2
1425,392447.12
1426,1870889.6
1427,292786.84
1428,929879.1
1429,421977.78
1430,924869.8
1431,313798.9
1432,370401.28
1433,319981.1
1434,369187.47
1435,1502431.4
1436,872953.9
1437,358151.47
1438,699294.4
1439,728066.44
1440,354546.03
1441,380753.25
1442,285474.84
1443,442955.75
1444,369850.78
1445,594479.9
1446,676678.3
1447,272720.8
1448,892915.2
1449,733370.3
1450,465217.12
1451,849564.44
1452,1382722.6
1453,1323847.5
1454,813932.7
1455,963070.4
1456,663105.56
1457,363852.75
1458,686921.3
1459,1723041.1
1460,1517497.9
1461,718224.94
1462,590639.1
1463,843944.25
1464,412586.66
1465,1066136.4
1466,729954.1
1467,1258924.4
1468,848719.75
1469,606044.5
1470,2587086.8
1471,418896.47
1472,388203.88
1473,654507.2
1474,1211512.5
1475,739075.7
1476,2716975.2
1477,1637373.1
1478,1284580.9
1479,1736583.4
1480,847524.7
1481,547164.44
1482,380169.72
1483,659784.75
1484,648822.56
1485,763298.56
1486,579138.25
1487,919406.25
1488,419575.0
1489,250374.5
1490,1294058.6
1491,402712.22
1492,1223936.4
1493,945073.44
1494,894577.9
1495,2144443.5
1496,1520022.9
1497,558963.6
1498,375624.5
1499,604496.4
1500,731167.6
1501,1296903.4
1502,890003.3
1503,857293.6
1504,372883.2
1505,946376.94
1506,917178.75
1507,426164.47
1508,715248.1
1509,566466.4
1510,936346.94
1511,749293.7
1512,284772.34
1513,358128.53
1514,368576.25
1515,1339871.2
1516,1062897.0
1517,301255.97
1518,306189.28
1519,386473.47
1520,1283223.8
1521,657133.56
1522,911071.06
1523,1278568.6
1524,927858.56
1525,1316028.5
1526,680609.25
1527,1839980.2
1528,319533.5
1529,435130.28
1530,1656083.6
1531,568888.06
1532,737859.9
1533,1357241.2
1534,1021518.2
1535,1778947.9
1536,740860.25
1537,646190.6
1538,615203.5
1539,711443.94
1540,574456.3
1541,1013586.8
1542,294045.16
1543,605395.3
1544,637032.06
1545,352333.5
1546,1111913.5
1547,594056.4
1548,866404.5
1549,427611.78
1550,1059000.0
1551,1650283.9
1552,293543.66
1553,281000.53
1554,578497.3
1555,1274050.0
1556,1893091.6
1557,525805.6
1558,264789.25
1559,2512444.2
1560,945676.56
1561,718530.3
1562,1447933.8
1563,633999.5
1564,990481.9
1565,661618.06
1566,353533.62
1567,430642.56
1568,448957.66
1569,552802.0
1570,531703.2
1571,2401369.2
1572,559712.8
1573,664539.4
1574,634301.94
1575,1118918.6
1576,378545.3
1577,866499.94
1578,1334851.8
1579,1202255.0
1580,251892.03
1581,311298.66
1582,453032.72
1583,1075605.5
1584,761932.2
1585,718936.5
1586,1380527.6
1587,586375.4
1588,938932.9
1589,348285.56
1590,285935.44
1591,533036.7
1592,759028.56
1593,580288.1
1594,299630.9
1595,735409.44
1596,761202.7
1597,348909.8
1598,524042.88
1599,546027.6
1600,650357.06
1601,988242.06
1602,1233557.6
1603,1002158.06
1604,345898.3
1605,1099590.0
1606,1544346.4
1607,361061.25
1608,1399937.5
1609,425201.88
1610,1500780.8
1611,736861.3
1612,464368.16
1613,943642.06
1614,1814673.9
1615,297340.6
1616,317741.78
1617,347451.4
1618,342462.0
1619,629084.94
1620,451209.1
1621,662305.25
1622,1788297.5
1623,526394.4
1624,358427.84
1625,1096127.0
1626,405785.47
1627,803685.75
1628,304061.88
1629,355559.94
1630,1421915.5
1631,962938.56
1632,987912.7
1633,450523.8
1634,622706.4
1635,398932.97
1636,1151609.5
1637,288125.6
1638,717814.0
1639,1040587.5
1640,1109539.8
1641,580179.3
1642,720079.44
1643,695673.3
1644,587466.4
1645,1684573.6
1646,404986.94
1647,680889.7
1648,1470461.6
1649,1304304.9
1650,445949.3
1651,299754.8
1652,1145390.0
1653,1105639.2
1654,1377597.5
1655,892945.94
1656,568879.1
1657,693218.06
1658,557001.3
1659,879893.25
1660,1040123.8
1661,714431.94
1662,418533.97
1663,834511.44
1664,567138.56
1665,682254.4
1666,933946.56
1667,626742.4
1668,939298.9
1669,372112.06
1670,4326642.5
1671,257209.02
1672,1570136.2
1673,297181.8
1674,364234.2
1675,700841.25
1676,594351.94
1677,340257.9
1678,561776.0
1679,448775.3
1680,1434107.5
1681,746313.6
1682,455919.12
1683,400632.38
1684,1839250.2
1685,582329.94
1686,1819304.6
1687,416310.78
1688,1221824.4
1689,921855.9
1690,473744.0
1691,530503.1
1692,567208.7
1693,365675.4
1694,1825213.5
1695,840893.75
1696,744464.3
1697,839006.6
1698,953692.0
1699,1262306.8
1700,1182021.5
1701,897132.4
1702,344607.03
1703,1126700.8
1704,406980.6
1705,272191.38
1706,657359.3
1707,1070829.4
1708,311130.44
1709,646505.94
1710,603858.06
1711,659710.75
1712,1223529.9
1713,289186.2
1714,1536701.2
1715,823157.44
1716,1648656.2
1717,436558.75
1718,572292.3
1719,328403.12
1720,2254574.2
1721,692440.2
1722,1205886.0
1723,1518555.1
1724,1153798.5
1725,278036.72
1726,648591.8
1727,1786905.0
1728,1095221.4
1729,1390602.4
1730,606090.56
1731,665907.8
1732,456115.03
1733,355950.2
1734,912460.75
1735,532877.4
1736,269710.84
1737,803714.1
1738,424749.3
1739,392670.84
1740,266499.8
1741,429223.16
1742,457198.7
1743,392804.72
1744,676271.9
1745,431565.34
1746,1131270.6
1747,1696408.4
1748,288724.97
1749,902871.94
1750,702548.9
1751,413397.1
1752,636075.06
1753,616901.6
1754,4222469.0
1755,1143842.0
1756,327359.34
1757,859190.7
1758,650848.1
1759,1132828.2
1760,549687.7
1761,1514567.8
1762,757291.6
1763,1073636.9
1764,711578.8
1765,1832906.4
1766,866618.5
1767,384352.44
1768,2436576.2
1769,1316695.1
1770,842249.06
1771,392808.1
1772,938927.9
1773,539642.2
1774,337215.34
1775,872507.94
1776,605771.44
1777,602176.44
1778,414039.2
1779,1068583.6
1780,577770.6
1781,1053207.6
1782,1451592.5
1783,837876.2
1784,938111.56
1785,648430.25
1786,1103937.5
1787,1192198.5
1788,859992.1
1789,1141380.2
1790,2509194.2
1791,646846.6
1792,1476962.6
1793,921190.9
1794,1328954.4
1795,592513.94
1796,401914.25
1797,673273.2
1798,1217469.1
1799,349097.56
1800,605105.4
1801,2326765.8
1802,1619266.6
1803,1013804.0
1804,327465.44
1805,1091320.8
1806,625976.06
1807,282533.88
1808,529630.7
1809,789975.3
1810,349454.0
1811,747466.7
1812,334771.94
1813,759889.75
1814,556111.3
1815,284680.78
1816,1304212.8
1817,1513460.8
1818,574414.3
1819,999307.9
1820,607858.25
1821,602758.06
1822,375660.4
1823,867225.25
1824,544377.94
1825,309128.84
1826,1095411.1
1827,758426.94
1828,2508655.5
1829,289382.84
1830,1482459.2
1831,1521989.9
1832,756443.4
1833,761716.0
1834,527437.56
1835,414354.94
1836,263074.9
1837,1347720.1
1838,793589.94
1839,874714.2
1840,618268.7
1841,1500333.8
1842,551583.8
1843,2488858.2
1844,745918.9
1845,1833126.2
1846,373109.62
1847,1356320.9
1848,713188.0
1849,534618.2
1850,266806.34
1851,388155.28
1852,1280235.6
1853,1518160.2
1854,1294868.4
1855,452836.06
1856,425772.97
1857,1814260.4
1858,306773.03
1859,496790.2
1860,1003707.6
1861,3993761.2
1862,393438.5
1863,442590.75
1864,1107685.8
1865,921429.25
1866,582387.5
1867,338583.44
1868,630112.0
1869,928100.75
1870,582955.56
1871,1215529.2
1872,805505.94
1873,691675.0
1874,319088.5
1875,665274.06
1876,263056.9
1877,708075.8
1878,1298070.5
1879,458437.47
1880,634460.7
1881,579562.0
1882,947506.8
1883,1296797.4
1884,1347003.1
1885,1419842.2
1886,358594.56
1887,587039.94
1888,1291077.6
1889,621861.94
1890,2765090.2
1891,449108.22
1892,302435.66
1893,817060.9
1894,591745.06
1895,398890.25
1896,587371.44
1897,255423.66
1898,258662.62
1899,534325.7
1900,748776.7
1901,425315.8
1902,893141.0
1903,567469.2
1904,890890.56
1905,1382249.1
1906,434200.4
1907,487211.38
1908,595311.5
1909,540030.94
1910,308927.03
1911,600347.2
1912,624378.8
1913,272979.56
1914,951024.8
1915,394757.38
1916,386270.8
1917,825978.06
1918,903613.75
1919,413839.53
1920,1314288.5
1921,685428.3
1922,692239.7
1923,820729.0
1924,431534.5
1925,873650.25
1926,963043.4
1927,2607824.0
1928,1473422.5
1929,580331.0
1930,523762.22
1931,287007.75
1932,755151.7
1933,372471.84
1934,1373694.2
1935,654243.5
1936,834750.25
1937,307460.75
1938,627387.1
1939,722501.5
1940,1040820.4
1941,556007.56
1942,1059086.2
1943,392060.38
1944,1057859.1
1945,686580.5
1946,632644.0
1947,1379245.5
1948,859793.1
1949,431578.9
1950,375156.9
1951,880382.56
1952,822776.7
1953,509954.38
1954,933813.2
1955,672369.8
1956,573748.4
1957,348349.97
1958,316844.12
1959,307883.3
1960,909626.6
1961,436166.62
1962,888704.8
1963,391154.0
1964,1811659.8
1965,1571595.8
1966,439799.56
1967,1246500.8
1968,886315.4
1969,943157.56
1970,1672205.9
1971,581728.2
1972,332370.5
1973,377008.1
1974,309569.88
1975,456342.75
1976,4363275.0
1977,865465.06
1978,1340230.6
1979,569336.6
1980,309154.38
1981,260825.53
1982,1338435.1
1983,1273825.6
1984,1115544.9
1985,661040.75
1986,373063.75
1987,390258.97
1988,726788.1
1989,752746.56
1990,1815620.9
1991,586968.5
1992,556526.6
1993,724627.06
1994,674026.2
1995,554503.8
1996,656712.4
1997,366866.9
1998,2887602.5
1999,1197548.4
2000,285450.44
2001,1035119.0
2002,646969.2
2003,267743.56
2004,887102.56
2005,2230746.0
2006,870369.2
2007,385789.8
2008,2602142.5
2009,922702.25
2010,1506739.0
2011,2483571.2
2012,792094.8
2013,947174.6
2014,579055.1
2015,950250.2
2016,1311949.8
2017,819115.7
2018,756385.4
2019,933020.94
2020,866931.94
2021,1438251.0
2022,608110.5
2023,364879.8
2024,602022.94
2025,288862.22
2026,401252.84
2027,1054099.1
2028,681504.56
2029,327153.22
2030,433954.1
2031,1251227.1
2032,1392137.6
2033,964304.9
2034,648302.94
2035,367072.62
2036,1655305.6
2037,603845.2
2038,672807.0
2039,478396.1
2040,528540.06
2041,570703.4
2042,285440.62
2043,571126.3
2044,708239.75
2045,965322.3
2046,366759.03
2047,314767.97
2048,288068.12
2049,1069004.5
2050,454248.8
2051,307882.38
2052,412560.47
2053,268332.75
2054,2459648.5
2055,1521940.4
2056,324352.97
2057,1699681.0
2058,307738.0
2059,349256.22
2060,1773117.5
2061,278404.66
2062,1457709.4
2063,571334.25
2064,462895.44
2065,638575.8
2066,797257.06
2067,369079.7
2068,1767867.5
2069,457226.9
2070,358647.44
2071,2497457.5
2072,373393.12
2073,470076.8
2074,594751.7
2075,440787.28
2076,733463.44
2077,592585.44
2078,311624.47
2079,2798949.0
2080,601160.1
2081,313930.34
2082,1301739.8
2083,810705.94
2084,368749.9
2085,937315.44
2086,751373.6
2087,1289841.6
2088,361485.97
2089,662213.25
2090,1406955.0
2091,355079.28
2092,1002939.1
2093,345874.22
2094,656730.25
2095,573442.4
2096,657905.5
2097,872708.06
2098,912986.4
2099,860356.75
2100,584161.56
2101,579445.25
2102,622262.3
2103,526159.06
2104,890103.44
2105,839184.7
2106,276405.66
2107,654166.94
2108,748529.94
2109,554578.94
2110,1299003.6
2111,295272.47
2112,911834.4
2113,309803.78
2114,429821.47
2115,1027323.7
2116,664175.2
2117,2819971.0
2118,762050.6
2119,573238.9
2120,1087998.8
2121,2428242.0
2122,1133996.1
2123,726989.3
2124,383301.72
2125,2946307.0
2126,740914.75
2127,365467.12
2128,566302.4
2129,608240.9
2130,258286.83
2131,295695.34
2132,790485.06
2133,886687.1
2134,316754.66
2135,1313958.1
2136,588624.25
2137,589330.44
2138,447699.7
2139,375822.28
2140,759061.6
2141,798342.06
2142,2417139.0
2143,653240.1
2144,590008.2
2145,749853.3
2146,4147300.2
2147,2668595.0
2148,970118.6
2149,1487467.9
2150,741499.75
2151,677088.25
2152,435796.16
2153,589529.6
2154,1764185.4
2155,921468.5
2156,419169.3
2157,693063.7
2158,870366.3
2159,1053603.2
2160,1321757.6
2161,1540672.4
2162,617769.94
2163,415194.8
2164,356827.38
2165,563305.3
2166,759412.0
2167,3940851.5
2168,3889681.0
2169,899924.75
2170,1002496.9
2171,1134603.6
2172,1001663.8
2173,292651.22
2174,345257.3
2175,530995.7
2176,422356.66
2177,1308982.4
2178,651267.94
2179,713894.8
2180,1124744.1
2181,412854.5
2182,944603.25
2183,1122974.1
2184,1407541.2
2185,636242.7
2186,749072.5
2187,1725748.9
2188,618902.44
2189,526750.2
2190,756911.9
2191,1031216.8
2192,365967.9
2193,904164.8
2194,614452.7
2195,1014002.1
2196,306098.53
2197,591932.6
2198,395508.1
2199,365984.22
2200,933250.0
2201,1740480.2
2202,290061.78
2203,679686.5
2204,713049.7
2205,355954.06
2206,327842.97
2207,403295.94
2208,1704891.6
2209,1218037.5
2210,1391670.4
2211,366255.62
2212,597614.3
2213,533147.06
2214,551563.75
2215,352971.9
2216,367322.34
2217,1590475.8
2218,920211.44
2219,1483508.0
2220,694631.44
2221,555868.2
2222,1020827.44
2223,384684.7
2224,378303.3
2225,741443.4
2226,755330.44
2227,410653.62
2228,307677.84
2229,638931.75
2230,918787.2
2231,638426.9
2232,1283741.5
2233,642552.94
2234,1148125.4
2235,553223.44
2236,572166.8
2237,362315.72
2238,353792.56
2239,366674.06
2240,359878.75
2241,724495.3
2242,766659.7
2243,919346.75
2244,280244.5
2245,607270.9
2246,312553.53
2247,480870.72
2248,388973.44
2249,659113.9
2250,295218.72
2251,388898.53
2252,694771.94
2253,286895.56
2254,944834.94
2255,365694.66
2256,616800.1
2257,680457.7
2258,745621.06
2259,1309152.8
2260,405366.03
2261,356654.28
2262,948716.44
2263,416407.0
2264,561642.25
2265,542058.1
2266,1401244.8
2267,1489756.1
2268,297592.66
2269,559360.8
2270,991772.3
2271,362539.9
2272,952555.6
2273,1703547.1
2274,941069.8
2275,283842.7
2276,320547.47
2277,334055.97
2278,917909.3
2279,583025.5
2280,1323285.6
2281,746222.2
2282,559345.44
2283,271153.22
2284,285458.28
2285,495543.88
2286,921845.1
2287,664545.2
2288,746841.25
2289,1480839.6
2290,1096589.6
2291,369131.44
2292,393946.84
2293,344595.56
2294,1468382.1
2295,567797.75
2296,289913.25
2297,642471.2
2298,371907.94
2299,983268.56
2300,645449.56
2301,569861.2
2302,298366.53
2303,982863.25
2304,537108.06
2305,360461.62
2306,765696.4
2307,257759.89
2308,1266506.5
2309,901917.8
2310,410570.22
2311,1319310.2
2312,443146.97
2313,1253350.2
2314,321721.1
2315,1108596.2
2316,660086.06
2317,1155305.2
2318,717087.1
2319,557185.94
2320,685533.2
2321,1047159.4
2322,1226493.2
2323,1330199.1
2324,536752.0
2325,945133.0
2326,368006.47
2327,293942.0
2328,357596.06
2329,933806.4
2330,681413.44
2331,1100723.0
2332,544337.5
2333,1217208.6
2334,306301.06
2335,1562445.6
2336,1181825.9
2337,1652170.9
2338,712941.94
2339,599485.94
2340,1380859.6
2341,705186.3
2342,628329.6
2343,374841.5
2344,854446.4
2345,566493.2
2346,940825.06
2347,2360303.0
2348,627103.4
2349,952150.0
2350,452233.56
2351,389043.8
2352,362814.16
2353,532294.8
2354,821521.3
2355,928803.7
2356,1509531.4
2357,662321.44
2358,1564882.5
2359,551465.94
2360,361546.6
2361,430209.47
2362,1288629.9
2363,891107.75
2364,565528.5
2365,1094788.5
2366,357103.97
2367,729502.5
2368,1463542.1
2369,1509017.2
2370,1625350.5
2371,944453.25
2372,416702.66
2373,1636668.6
2374,940000.06
2375,803393.94
2376,972251.7
2377,4020643.5
2378,424369.1
2379,947801.5
2380,319780.53
2381,941176.1
2382,389500.75
2383,1045169.25
2384,389079.28
2385,2479812.5
2386,1493718.0
2387,1646159.4
2388,371455.16
2389,884300.6
2390,1199213.5
2391,534918.4
2392,824897.25
2393,304961.22
2394,1357651.2
2395,727651.94
2396,873335.8
2397,1409167.6
2398,924610.7
2399,1350752.4
2400,324042.53
2401,666633.2
2402,872358.5
2403,749157.3
2404,267804.3
2405,361455.25
2406,420065.03
2407,957737.3
2408,1053359.0
2409,858050.75
2410,2466052.0
2411,937582.1
2412,2592788.8
2413,462763.12
2414,1163802.6
2415,407894.06
2416,359160.9
2417,1775386.5
2418,311083.22
2419,794659.25
2420,571533.9
2421,755721.94
2422,346399.53
2423,428307.38
2424,1209105.2
2425,325111.97
2426,771435.0
2427,575000.75
2428,1696476.8
2429,424471.06
2430,358117.5
2431,309135.94
2432,1012409.1
2433,263417.9
2434,1473202.8
2435,607729.0
2436,567283.25
2437,1394665.6
2438,586175.25
2439,877831.5
2440,1526110.5
2441,368785.03
2442,360974.8
2443,824999.8
2444,1424600.6
2445,938652.56
2446,2227245.5
2447,686958.75
2448,1348638.1
2449,279723.9
2450,1040141.9
2451,373404.56
2452,1035084.25
2453,1710629.8
2454,331485.94
2455,576721.75
2456,723527.5
2457,2656411.0
2458,378817.6
2459,417549.88
2460,1582288.1
2461,2471729.8
2462,1079725.4
2463,596355.06
2464,1053573.9
2465,327228.5
2466,522794.8
2467,592692.2
2468,1216367.6
2469,587537.25
2470,388245.75
2471,948977.2
2472,1253185.1
2473,1409640.4
2474,438255.75
2475,282762.78
2476,1082585.1
2477,711121.75
2478,837204.3
2479,564399.4
2480,364173.22
2481,575001.06
2482,1589225.4
2483,1474036.6
2484,1055255.2
2485,1201056.8
2486,542467.4
2487,1585686.2
2488,1435411.6
2489,761952.94
2490,387195.34
2491,1688926.6
2492,350869.9
2493,422454.28
2494,2486485.5
2495,1848545.9
2496,1389745.6
2497,660531.4
2498,870012.75
2499,737130.94
2500,615536.2
2501,363831.38
2502,350774.44
2503,1134210.5
2504,1658535.8
2505,635479.4
2506,620726.2
2507,413678.25
2508,1231073.1
2509,1189392.1
2510,646346.06
2511,932649.8
2512,507758.62
2513,1583266.5
2514,719081.4
2515,319556.12
2516,405696.25
2517,662574.9
2518,531055.2
2519,1182062.6
2520,460466.94
2521,1042751.06
2522,674911.56
2523,726174.4
2524,2514187.2
2525,932771.4
2526,773871.8
2527,352045.72
2528,881382.1
2529,430548.1
2530,922572.7
2531,297381.44
2532,4322216.5
2533,829943.1
2534,1527023.4
2535,361026.6
2536,877288.4
2537,685739.2
2538,898577.0
2539,1480002.2
2540,738221.2
2541,2767737.2
2542,717694.44
2543,553628.1
2544,1726078.6
2545,758876.2
2546,571606.8
2547,1120721.9
2548,1316313.9
2549,1351736.0
2550,331707.97
2551,271890.12
2552,383975.53
2553,393587.6
2554,1697873.9
2555,285601.7
2556,1309078.2
2557,580409.6
2558,1529733.9
2559,384843.25
2560,332079.2
2561,419874.5
2562,423483.53
2563,1040926.06
2564,977360.56
2565,1007938.2
2566,1736070.5
2567,456817.44
2568,598078.5
2569,1333498.1
2570,1234499.5
2571,380999.28
2572,1355035.9
2573,374840.56
2574,542150.1
2575,343963.56
2576,1185579.4
2577,375541.56
2578,342011.25
2579,1238287.8
2580,1657762.1
2581,461515.97
2582,1093235.1
2583,980403.06
2584,562453.2
2585,1789291.1
2586,365035.0
2587,1727688.6
2588,945832.4
2589,937918.0
2590,367975.97
2591,997341.25
2592,772385.94
2593,461676.1
2594,853826.2
2595,833685.5
2596,1688306.6
2597,476384.34
2598,768140.56
2599,367131.84
2600,481916.88
2601,277340.12
2602,384738.62
2603,351502.53
2604,299284.25
2605,1073751.5
2606,1163367.5
2607,1641136.8
2608,1047821.8
2609,734827.94
2610,1359371.9
2611,564739.4
2612,1695239.6
2613,596585.1
2614,649319.7
2615,429858.8
2616,832453.3
2617,570971.6
2618,996307.2
2619,1089202.0
2620,603360.9
2621,1035774.4
2622,1257542.0
2623,824688.8
2624,745425.2
2625,1239045.1
2626,459231.03
2627,605084.5
2628,897535.8
2629,919395.44
2630,378661.2
2631,417053.66
2632,1299622.4
2633,916087.06
2634,2613200.2
2635,483440.72
2636,703433.9
2637,2764073.8
2638,830904.06
2639,530815.75
2640,311990.0
2641,555268.9
2642,1260467.9
2643,1451901.9
2644,404262.03
2645,1250497.8
2646,2489940.2
2647,1010535.2
2648,867583.94
2649,370136.84
2650,530260.06
2651,791486.94
2652,446929.3
2653,916735.9
2654,1308211.8
2655,828910.0
2656,546208.06
2657,421555.38
2658,296670.0
2659,288201.8
2660,566402.44
2661,1226895.1
2662,1750219.0
2663,1337438.8
2664,315093.1
2665,1021997.4
2666,2361876.5
2667,1008048.94
2668,607269.2
2669,1471489.8
2670,1044628.06
2671,1413342.0
2672,1269877.8
2673,631878.56
2674,1759676.1
2675,3303779.5
2676,433815.84
2677,307267.1
2678,935966.4
2679,762743.7
2680,354350.78
2681,2254161.5
2682,386501.72
2683,1344688.1
2684,420021.25
2685,644154.4
2686,2568987.0
2687,360845.84
2688,747667.25
2689,1387170.5
2690,1357080.6
2691,598327.8
2692,393240.47
2693,1017968.2
2694,581220.9
2695,3030018.8
2696,562585.3
2697,3021626.0
2698,712866.0
2699,1689543.1
2700,322066.66
2701,565542.25
2702,330285.72
2703,959391.25
2704,1465319.2
2705,340612.5
2706,828083.6
2707,362867.88
2708,748947.1
2709,1169044.1
2710,663444.25
2711,1131438.6
2712,354462.78
2713,354047.53
2714,1545288.5
2715,899540.8
2716,922113.75
2717,456766.06
2718,762737.56
2719,649279.06
2720,290312.9
2721,356808.7
2722,576456.3
2723,932609.75
2724,643949.1
2725,526614.8
2726,246905.61
2727,546779.8
2728,1224583.1
2729,287542.72
2730,633431.94
2731,1752239.5
2732,528780.75
2733,722436.0
2734,1056800.0
2735,590183.94
2736,444086.44
2737,344366.8
2738,1802675.0
2739,582690.0
2740,656765.94
2741,918481.9
2742,357981.28
2743,636621.75
2744,618372.3
2745,1134648.8
2746,707818.1
2747,1200969.0
2748,977828.6
2749,908394.4
2750,618951.5
2751,619492.06
2752,1092970.2
2753,251635.62
2754,367500.7
2755,277573.4
2756,279362.75
2757,382397.2
2758,441464.88
2759,734337.5
2760,1052345.6
2761,2847066.8
2762,743157.5
2763,338755.22
2764,637472.3
2765,964730.4
2766,2414151.2
2767,1447159.0
2768,382342.38
2769,1450101.9
2770,289684.56
2771,1896781.5
2772,566800.4
2773,424342.38
2774,2769406.0
2775,1194719.2
2776,922807.8
2777,4391538.5
2778,361918.38
2779,542109.7
2780,458246.4
2781,1567094.5
2782,543423.94
2783,687696.25
2784,648795.3
2785,949654.0
2786,1151104.2
2787,286605.84
2788,1130590.1
2789,768957.06
2790,371716.84
2791,941974.56
2792,1116332.4
2793,439235.25
2794,329089.25
2795,577419.3
2796,1420831.9
2797,375378.4
2798,1230791.1
2799,277023.03
2800,1173850.9
2801,862142.6
2802,661683.94
2803,302224.75
2804,452105.12
2805,308770.88
2806,465324.22
2807,334203.06
2808,376683.0
2809,2097488.5
2810,605138.5
2811,932590.25
2812,2539405.5
2813,1575682.2
2814,1794108.8
2815,418001.72
2816,940031.94
2817,761253.9
2818,349377.03
2819,580818.6
2820,1570524.0
2821,811939.9
2822,1736832.9
2823,1339482.6
2824,1272480.1
2825,577480.75
2826,302012.75
2827,933631.94
2828,1590033.2
2829,921263.5
2830,971978.0
2831,480750.0
2832,734167.94
2833,1118054.2
2834,526071.7
2835,910142.1
2836,281611.56
2837,250326.66
2838,297994.78
2839,927753.25
2840,403350.2
2841,307366.47
2842,510949.7
2843,409338.25
2844,934941.8
2845,1259335.4
2846,830101.25
2847,1082480.2
2848,1482203.9
2849,665399.4
2850,729706.0
2851,359604.72
2852,1063127.0
2853,3677321.5
2854,952710.6
2855,1689991.5
2856,591308.6
2857,2571448.8
2858,364242.8
2859,400122.06
2860,640146.94
2861,3667363.8
2862,862128.44
2863,1355802.1
2864,261006.86
2865,932002.8
2866,652057.4
2867,662698.8
2868,601555.4
2869,759661.8
2870,1099229.4
2871,610118.2
2872,540795.7
2873,1564312.0
2874,1446660.9
2875,377248.38
2876,1153850.6
2877,599771.8
2878,458033.5
2879,1177945.6
2880,597087.2
2881,470536.4
2882,849015.6
2883,538368.06
2884,357650.4
2885,948101.44
2886,2164948.2
2887,587749.25
2888,1525480.6
2889,1275487.1
2890,642785.6
2891,2184539.2
2892,1047767.25
2893,430748.9
2894,669798.4
2895,2975917.5
2896,1125641.2
2897,1095680.6
2898,1218323.6
2899,1538767.1
2900,1030466.5
2901,469497.4
2902,1557055.5
2903,946595.44
2904,356079.12
2905,537246.3
2906,776782.94
2907,274497.12
2908,314417.94
2909,1240717.5
2910,432616.28
2911,526967.56
2912,1144795.8
2913,936984.8
2914,971218.8
2915,410108.56
2916,571948.75
2917,1760422.4
2918,1617537.4
2919,1483852.4
2920,1792723.8
2921,417879.66
2922,323233.25
2923,1419300.9
2924,913595.25
2925,464362.78
2926,336500.9
2927,538772.0
2928,1320438.1
2929,1282761.8
2930,607959.94
2931,435183.5
2932,644785.56
2933,516805.6
2934,1777204.2
2935,632738.06
2936,2601755.8
2937,499992.94
2938,907539.7
2939,412086.28
2940,946630.9
2941,286284.34
2942,468360.8
2943,1220156.2
2944,391325.16
2945,427956.88
2946,257313.45
2947,732083.8
2948,2491309.8
2949,2595497.8
2950,2421670.8
2951,947674.25
2952,273811.12
2953,913551.94
2954,331652.5
2955,411390.8
2956,909577.1
2957,423115.38
2958,957057.9
2959,823161.9
2960,670052.1
2961,371194.53
2962,1221556.6
2963,1332817.1
2964,1238736.1
2965,2298483.8
2966,606700.06
2967,256826.75
2968,337132.2
2969,391529.16
2970,546754.94
2971,312663.53
2972,316781.0
2973,1123644.1
2974,877088.9
2975,2718614.8
2976,451372.88
2977,425641.88
2978,739668.0
2979,294966.3
2980,428212.62
2981,1227426.5
2982,527787.94
2983,309980.06
2984,1311213.4
2985,1232342.1
2986,598649.75
2987,1700631.6
2988,897001.44
2989,717035.4
2990,629788.75
2991,1036809.56
2992,428775.25
2993,1295659.6
2994,809306.75
2995,358526.8
2996,371790.22
2997,249053.1
2998,621415.2
2999,923916.4
3000,371214.78
3001,464972.88
3002,909852.1
3003,862869.06
3004,315487.9
3005,879630.7
3006,1390655.4
3007,646694.7
3008,2558440.0
3009,403000.78
3010,1336369.6
3011,251871.03
3012,878219.8
3013,644808.1
3014,307805.1
3015,429023.62
3016,1438570.9
3017,1134612.5
3018,286231.16
3019,765153.06
3020,946507.7
3021,1295066.2
3022,418743.88
3023,583621.4
3024,469074.78
3025,463942.56
3026,521874.9
3027,351413.2
3028,1020995.44
3029,1138229.5
3030,453169.53
3031,761992.94
3032,587892.0
3033,1674345.4
3034,1097676.5
3035,1790574.8
3036,1776685.2
3037,516237.56
3038,1195626.5
3039,573699.25
3040,649392.44
3041,1237336.4
3042,420063.97
3043,793132.75
3044,622843.1
3045,363300.5
3046,413674.38
3047,1614962.4
3048,468500.38
3049,939516.6
3050,652299.3
3051,959011.06
3052,467179.94
3053,355946.9
3054,607418.75
3055,638103.6
3056,447525.53
3057,611192.1
3058,751574.6
3059,625527.75
3060,455950.34
3061,560199.6
3062,443240.84
3063,584262.1
3064,557326.25
3065,835666.7
3066,1047558.0
3067,659478.7
3068,1480076.4
3069,424449.9
3070,1361520.8
3071,1289986.1
3072,597787.75
3073,537451.7
3074,734983.25
3075,635796.6
3076,417075.9
3077,754791.7
3078,662051.56
3079,267018.25
3080,338586.44
3081,907748.44
3082,301157.8
3083,929705.7
3084,420988.44
3085,432858.5
3086,807078.44
3087,413866.28
3088,1213930.2
3089,668099.56
3090,962461.75
3091,312739.25
3092,1184567.5
3093,330811.06
3094,1611053.8
3095,2320430.0
3096,557825.3
3097,535161.94
3098,973245.4
3099,430584.72
3100,447473.12
3101,959479.44
3102,348779.56
3103,794037.56
3104,937124.4
3105,308318.3
3106,1374450.8
3107,317106.94
3108,531193.5
3109,749063.56
3110,1050873.9
3111,410197.28
3112,317553.97
3113,1764436.2
3114,1079462.5
3115,285588.56
3116,908626.75
3117,1443040.4
3118,325734.88
3119,1269373.0
3120,280967.66
3121,896868.5
3122,2814541.8
3123,409222.8
3124,791410.9
3125,2594659.5
3126,771524.8
3127,375942.8
3128,994276.2
3129,1053533.9
3130,313132.34
3131,253738.89
3132,584773.44
3133,916792.9
3134,438699.12
3135,3831563.8
3136,631335.06
3137,1609026.8
3138,1010895.44
3139,898163.56
3140,1019757.3
3141,2351668.5
3142,1509648.9
3143,739577.25
3144,657316.75
3145,294346.7
3146,348718.94
3147,254441.6
3148,340841.12
3149,514157.3
3150,546244.7
3151,357041.3
3152,371370.03
3153,283752.06
3154,351764.7
3155,1100415.4
3156,588287.25
3157,785240.5
3158,1609436.5
3159,349211.6
3160,480984.8
3161,292482.66
3162,401992.03
3163,326045.75
3164,256311.81
3165,259936.67
3166,260685.28
3167,1025640.9
3168,383688.47
3169,656701.9
3170,581954.1
3171,611157.56
3172,855120.5
3173,434655.3
3174,2782234.0
3175,922777.44
3176,871567.8
3177,288978.28
3178,1336555.2
3179,436652.34
3180,1509594.4
3181,413535.28
3182,386929.56
3183,1213077.1
3184,544476.2
3185,754246.1
3186,344550.3
3187,626034.56
3188,667421.06
3189,587692.44
3190,1248413.1
3191,314167.12
3192,320384.8
3193,525119.4
3194,623130.1
3195,941137.25
3196,673171.56
3197,638805.06
3198,405152.16
3199,1405296.8
3200,420832.0
3201,755686.8
3202,687851.0
3203,1540208.5
3204,259065.28
3205,2611586.0
3206,912206.94
3207,2538801.8
3208,1390835.2
3209,1270818.2
3210,369774.5
3211,581555.75
3212,539236.94
3213,423831.06
3214,285283.66
3215,1544690.5
3216,679497.9
3217,410741.62
3218,417786.53
3219,1374217.4
3220,376208.06
3221,2169667.2
3222,1032686.75
3223,1105296.5
3224,567270.75
3225,1335441.6
3226,357336.5
3227,329610.66
3228,2259511.0
3229,381264.5
3230,1380887.5
3231,1117133.6
3232,1783810.4
3233,1274828.0
3234,2211560.5
3235,1637964.6
3236,352846.03
3237,1737250.5
3238,372071.56
3239,695615.56
3240,456668.75
3241,350368.94
3242,626681.25
3243,396905.8
3244,1075819.5
3245,875738.2
3246,565547.25
3247,685031.0
3248,618093.9
3249,413689.1
3250,1478552.8
3251,801922.94
3252,971099.44
3253,358066.25
3254,1340563.8
3255,1388846.6
3256,1193473.4
3257,1175108.6
3258,871711.44
3259,916294.6
3260,648232.7
3261,798777.8
3262,644507.5
3263,530127.6
3264,4173361.2
3265,733781.8
3266,460092.1
3267,380870.06
3268,434928.47
3269,1089522.6
3270,757746.8
3271,335227.53
3272,548884.94
3273,2413844.0
3274,354888.84
3275,927427.8
3276,562839.0
3277,982004.8
3278,444117.5
3279,926135.75
3280,605167.4
3281,1144623.4
3282,540818.2
3283,1347190.5
3284,1326348.2
3285,948216.94
3286,1481127.2
3287,1071514.0
3288,307529.94
3289,519983.53
3290,358151.97
3291,813599.8
3292,616057.06
3293,396561.7
3294,361496.62
3295,1124387.0
3296,439121.28
3297,1191347.2
3298,416117.3
3299,581256.5
3300,437192.03
3301,1835383.6
3302,427917.7
3303,1320371.0
3304,391665.25
3305,684798.0
3306,1225588.0
3307,729910.1
3308,956981.9
3309,1224148.9
3310,688437.8
3311,1254233.8
3312,697462.7
3313,1121005.4
3314,923839.0
3315,462626.4
3316,1119674.2
3317,268650.38
3318,635651.25
3319,850378.7
3320,762322.06
3321,600678.3
3322,1029245.6
3323,1074962.6
3324,1781037.6
3325,361036.75
3326,945342.1
3327,403817.6
3328,589735.3
3329,366783.53
3330,631750.56
3331,1133511.0
3332,641912.44
3333,522916.06
3334,762089.7
3335,616634.5
3336,1341395.4
3337,376955.94
3338,1087296.5
3339,1696594.6
3340,955850.3
3341,590528.1
3342,2680350.8
3343,1393699.5
3344,957670.5
3345,319927.75
3346,1432680.0
3347,361213.12
3348,413577.53
3349,634548.6
3350,259465.4
3351,975661.3
3352,544717.94
3353,405668.56
3354,2246592.5
3355,1323030.9
3356,729254.44
3357,942814.56
3358,999818.75
3359,444426.25
3360,3437864.8
3361,547650.94
3362,425080.97
3363,308775.47
3364,324916.06
3365,1668787.8
3366,304001.9
3367,371443.3
3368,670338.7
3369,1602919.0
3370,306605.75
3371,554236.1
3372,647146.3
3373,846513.4
3374,1339009.4
3375,1497976.2
3376,1153966.5
3377,1194500.4
3378,559915.44
3379,1090162.8
3380,287470.94
3381,1242325.2
3382,321219.75
3383,471855.12
3384,356572.12
3385,1781056.4
3386,407856.62
3387,335069.9
3388,430725.34
3389,373257.75
3390,1255314.0
3391,1058934.4
3392,1038134.1
3393,948332.4
3394,368146.84
3395,367798.84
3396,739442.5
3397,360753.75
3398,431386.2
3399,982813.1
3400,354792.78
3401,1436961.8
3402,313898.62
3403,2408900.2
3404,466345.34
3405,746933.5
3406,1574363.4
3407,668132.5
3408,302345.28
3409,1061733.0
3410,948997.0
3411,290934.38
3412,289106.94
3413,577090.44
3414,951704.25
3415,434003.34
3416,595906.56
3417,971108.5
3418,729992.44
3419,677098.0
3420,758346.44
3421,731873.8
3422,274073.34
3423,380653.06
3424,1426301.6
3425,952085.6
3426,1224284.6
3427,1311674.5
3428,782642.3
3429,548204.2
3430,362906.66
3431,1590383.9
3432,358725.2
3433,830186.3
3434,930888.2
3435,691400.2
3436,606603.5
3437,487217.28
3438,268185.3
3439,301093.12
3440,729773.6
3441,1220618.6
3442,456770.0
3443,1502072.6
3444,1822114.1
3445,466337.66
3446,430889.8
3447,1030806.3
3448,428621.56
3449,2625866.2
3450,949712.56
3451,930142.25
3452,784296.9
3453,867788.25
3454,2185669.8
3455,422044.16
3456,567075.9
3457,595264.1
3458,544783.75
3459,2938907.0
3460,1318686.9
3461,602744.56
3462,709038.1
3463,304085.97
3464,249831.77
3465,653681.75
3466,2253821.5
3467,763073.1
3468,316091.34
3469,1827438.6
3470,295306.53
3471,324682.88
3472,764983.94
3473,1155272.0
3474,563741.75
3475,1818570.9
3476,649109.2
3477,751357.06
3478,628422.8
3479,415036.9
3480,426353.5
3481,536996.6
3482,1529685.0
3483,1180956.1
3484,571094.75
3485,417943.56
3486,836052.75
3487,409180.75
3488,2663292.0
3489,1723101.0
3490,1724633.1
3491,441194.22
3492,639893.3
3493,1241860.1
3494,1094149.0
3495,950168.94
3496,942770.94
3497,1841615.2
3498,323609.56
3499,575208.56
3500,956782.3
3501,619839.5
3502,371846.34
3503,609729.1
3504,2523937.5
3505,589121.9
3506,468182.56
3507,564846.1
3508,451768.03
3509,1278588.4
3510,2349771.8
3511,394069.2
3512,895132.3
3513,743749.3
3514,380399.16
3515,302508.47
3516,749680.1
3517,918696.1
3518,320722.9
3519,387612.16
3520,313350.97
3521,390383.7
3522,1123391.6
3523,1238989.1
3524,1294148.1
3525,1539899.1
3526,917710.94
3527,1083357.5
3528,671421.9
3529,1401974.5
3530,1303387.8
3531,616518.06
3532,903353.56
3533,834527.2
3534,1142621.5
3535,2585343.2
3536,603201.3
3537,1733032.0
3538,934926.3
3539,2274891.5
3540,375183.66
3541,759276.06
3542,286689.5
3543,646206.3
3544,678090.1
3545,427533.84
3546,2171840.2
3547,512091.28
3548,578285.75
3549,454972.3
3550,292654.44
3551,596058.94
3552,1025837.75
3553,384263.94
3554,634401.56
3555,264381.1
3556,601551.0
3557,872501.5
3558,725992.8
3559,910065.25
3560,346214.6
3561,739153.6
3562,537583.7
3563,557865.2
3564,2597194.0
3565,644462.7
3566,872245.9
3567,1369600.9
3568,1500555.4
3569,667820.0
3570,723326.75
3571,943906.56
3572,269916.28
3573,768078.8
3574,635768.9
3575,890936.9
3576,1217886.1
3577,923015.1
3578,592170.2
3579,427272.2
3580,893742.9
3581,934827.6
3582,682055.9
3583,376117.6
3584,826254.2
3585,457498.22
3586,323108.2
3587,288036.16
3588,635279.0
3589,616168.94
3590,3507218.0
3591,281463.5
3592,553542.7
3593,575967.8
3594,904575.9
3595,641417.8
3596,722002.06
3597,1339784.9
3598,1420251.9
3599,1476898.8
3600,329572.0
3601,955158.5
3602,1495947.6
3603,315190.7
3604,421452.5
3605,599342.1
3606,274136.94
3607,358775.56
3608,749163.25
3609,1886647.1
3610,820354.0
3611,724600.75
3612,617067.6
3613,671518.94
3614,1010047.94
3615,967878.5
3616,723041.94
3617,650737.2
3618,914805.75
3619,2415528.5
3620,1035909.8
3621,749403.4
3622,315249.53
3623,1250619.4
3624,538506.25
3625,1129273.0
3626,630252.9
3627,935263.7
3628,336525.5
3629,872694.25
3630,971696.2
3631,520370.25
3632,608324.7
3633,598430.94
3634,387970.78
3635,1469257.5
3636,1053902.1
3637,453003.47
3638,804177.94
3639,285573.03
3640,726632.7
3641,594778.94
3642,409535.0
3643,1281479.9
3644,480739.72
3645,1380686.4
3646,574530.4
3647,643005.06
3648,1047447.2
3649,1756945.5
3650,361236.62
3651,640724.6
3652,736686.2
3653,1207543.8
3654,545469.56
3655,1088224.0
3656,1464241.1
3657,758631.8
3658,430806.53
3659,660135.1
3660,359404.7
3661,340440.84
3662,1151857.9
